data,3568,4092,4130,4404,4405,4406,4407,4408,4836,5081,5169,5360,6481,6482,6483,6824,6832,7078,7483,7554,7579,7592,7728,7815,7865,7887,7915,7991,8052,8206,8255,8259,8447,8977,8987,9407,9741,10056,11080,11846,11847,11848,11849,11850,12750,13344,13470,14051,14887,14990,15325,15587,15729,15790,16802,16804,18263,18640,19084,19278,20721,20964,21404,21961,22008,22133,22172,22433,23059,23279,23431,23578,23637,23645,23659,23663,23668,23670,23679,23710,23794,23796,23892,23951,23991,24029,24134,24183,24259,24278,24355,25451,26050,26165,26213,26570,27596,27626,28132,28150,28199,28363,28667,30110,31086,31237,31394,31671,31720,32860,33139,33638,33745,33906,35326,35353,35914,36042,36298,36393,36491,37197,37655,37656,37761,38292,38390,38508,38539,40585,40670,40872,41172,41298,41669,42097,42942,43795,44267,44769,44791,44805,44940,45612,46740,46997,47466,47538,48083,48237,48430,48698,48895,48951,49111,49214,49410,50275,50465,50541,50544,50751,50770,51092,51133,51498,51499,51566,51840,51875,52030,52336,52858,52905,52983,53067,53908,53934,54395,55021
2023-01-01,1.726,1.684,1.842,1.799,1.809,1.839,1.839,1.839,1.864,1.822,1.799,1.862,1.779,1.779,1.769,1.589,1.809,1.679,1.719,1.629,1.835,1.689,1.684,1.699,1.659,1.684,1.669,1.764,1.684,1.867,1.684,1.674,1.784,1.819,1.689,1.689,1.63,1.857,1.659,1.679,1.619,1.684,1.769,1.684,1.664,1.788,1.674,1.642,1.815,1.599,1.883,1.857,1.829,1.679,1.639,1.862,1.932,1.679,1.684,1.659,1.669,1.867,1.649,1.679,1.664,1.599,1.669,1.619,1.829,1.664,1.684,1.674,1.832,1.619,1.699,1.664,1.798,1.867,1.719,1.699,1.669,1.842,1.674,1.599,1.629,1.832,1.619,1.684,1.599,1.659,1.629,1.629,1.684,1.669,1.819,1.653,1.879,1.782,1.857,1.839,1.793,1.839,1.769,1.674,1.649,2.03,1.589,1.862,1.609,1.879,1.779,1.809,1.629,1.664,1.629,1.619,1.589,1.654,1.664,1.672,1.839,1.659,1.589,1.639,1.832,1.699,1.639,1.674,1.629,1.726,1.664,1.659,1.829,1.639,1.599,1.664,1.654,1.599,1.653,1.599,1.809,1.659,1.674,1.839,1.589,1.669,1.839,1.619,1.809,1.725,1.629,1.664,1.639,1.669,1.867,1.812,1.883,1.759,1.793,1.729,1.842,1.674,1.619,1.664,1.698,1.862,1.809,1.897,1.619,1.659,1.679,1.752,1.709,1.664,1.829,1.829,1.819,1.684,1.643,1.684
2023-01-02,1.896,1.684,1.842,1.799,1.809,1.839,1.839,1.839,1.879,1.822,1.799,1.862,1.779,1.779,1.769,1.769,1.809,1.859,1.719,1.812,1.835,1.869,1.867,1.699,1.862,1.867,1.669,1.967,1.867,1.867,1.867,1.857,1.784,1.819,1.689,1.869,1.81,1.857,1.659,1.844,1.789,1.844,1.769,1.849,1.867,1.788,1.857,1.857,1.815,1.779,1.883,1.857,1.829,1.869,1.833,1.862,1.932,1.679,1.867,1.759,1.669,1.867,1.809,1.869,1.847,1.783,1.839,1.619,1.829,1.867,1.684,1.674,1.832,1.799,1.859,1.664,1.798,1.867,1.719,1.859,1.669,1.842,1.857,1.599,1.809,1.898,1.799,1.867,1.783,1.843,1.829,1.629,1.867,1.669,1.819,1.653,1.879,1.782,1.857,1.839,1.793,1.839,1.769,1.857,1.833,2.03,1.589,1.862,1.793,1.879,1.779,1.809,1.809,1.867,1.809,1.799,1.769,1.857,1.664,1.855,1.839,1.659,1.783,1.839,1.832,1.899,1.839,1.857,1.629,1.896,1.867,1.853,1.829,1.822,1.599,1.664,1.857,1.599,1.653,1.779,1.809,1.842,1.857,1.839,1.769,1.669,1.839,1.789,1.809,1.895,1.809,1.867,1.719,1.669,1.867,1.809,1.883,1.759,1.793,1.729,1.842,1.857,1.799,1.867,1.698,1.862,1.809,1.897,1.619,1.659,1.862,1.867,1.869,1.867,1.829,1.829,1.819,1.867,1.643,1.867
2023-01-03,1.896,1.867,1.842,1.789,1.809,1.829,1.829,1.829,1.879,1.822,1.799,1.862,1.779,1.779,1.769,1.769,1.809,1.859,1.719,1.812,1.835,1.869,1.867,1.699,1.862,1.867,1.669,1.967,1.867,1.867,1.867,1.857,1.784,1.819,1.689,1.869,1.81,1.857,1.659,1.849,1.799,1.869,1.783,1.859,1.867,1.788,1.857,1.857,1.847,1.779,1.883,1.857,1.829,1.869,1.833,1.862,1.932,1.819,1.867,1.779,1.859,1.867,1.809,1.869,1.847,1.783,1.839,1.799,1.829,1.867,1.867,1.867,1.832,1.799,1.859,1.867,1.798,1.867,1.899,1.859,1.869,1.842,1.857,1.779,1.809,1.898,1.799,1.867,1.783,1.843,1.829,1.819,1.867,1.849,1.819,1.836,1.879,1.782,1.857,1.829,1.793,1.849,1.769,1.857,1.833,2.03,1.769,1.862,1.793,1.879,1.779,1.809,1.809,1.867,1.809,1.819,1.769,1.857,1.867,1.855,1.849,1.862,1.783,1.839,1.859,1.899,1.839,1.857,1.629,1.896,1.867,1.853,1.829,1.822,1.783,1.664,1.857,1.599,1.826,1.779,1.809,1.842,1.857,1.839,1.769,1.869,1.839,1.789,1.809,1.895,1.809,1.867,1.719,1.853,1.867,1.809,1.883,1.912,1.793,1.729,1.842,1.857,1.799,1.867,1.881,1.862,1.809,1.897,1.779,1.659,1.862,1.867,1.869,1.867,1.829,1.829,1.819,1.867,1.826,1.867
2023-01-04,1.896,1.867,1.842,1.789,1.809,1.829,1.829,1.829,1.879,1.822,1.799,1.862,1.799,1.797,1.789,1.779,1.809,1.859,1.719,1.812,1.859,1.869,1.867,1.699,1.862,1.867,1.862,1.967,1.867,1.867,1.867,1.857,1.784,1.819,1.869,1.869,1.81,1.857,1.659,1.869,1.819,1.889,1.799,1.879,1.867,1.899,1.857,1.857,1.847,1.819,1.883,1.857,1.829,1.869,1.833,1.862,1.932,1.819,1.867,1.779,1.859,1.867,1.809,1.869,1.847,1.789,1.839,1.819,1.839,1.867,1.867,1.867,1.832,1.819,1.859,1.867,1.798,1.867,1.899,1.859,1.869,1.842,1.857,1.779,1.809,1.898,1.819,1.867,1.789,1.843,1.829,1.819,1.867,1.869,1.819,1.836,1.879,1.782,1.857,1.829,1.793,1.849,1.779,1.857,1.833,2.03,1.769,1.862,1.799,1.879,1.779,1.809,1.809,1.867,1.829,1.839,1.769,1.857,1.867,1.855,1.849,1.862,1.783,1.839,1.859,1.899,1.839,1.857,1.629,1.896,1.867,1.853,1.829,1.829,1.783,1.664,1.857,1.799,1.826,1.799,1.829,1.842,1.857,1.839,1.769,1.869,1.839,1.789,1.819,1.895,1.809,1.867,1.879,1.853,1.867,1.809,1.883,1.912,1.793,1.729,1.842,1.857,1.799,1.867,1.881,1.862,1.829,1.897,1.819,1.839,1.862,1.867,1.869,1.867,1.849,1.849,1.819,1.867,1.826,1.867
2023-01-05,1.896,1.867,1.869,1.789,1.809,1.839,1.839,1.839,1.879,1.829,1.799,1.862,1.799,1.799,1.789,1.769,1.809,1.859,1.719,1.812,1.859,1.869,1.867,1.869,1.862,1.867,1.862,1.967,1.867,1.867,1.867,1.857,1.967,1.819,1.869,1.869,1.81,1.857,1.839,1.869,1.819,1.889,1.799,1.879,1.867,1.899,1.857,1.857,1.847,1.819,1.869,1.857,1.829,1.869,1.833,1.862,1.932,1.819,1.885,1.779,1.867,1.867,1.819,1.869,1.847,1.789,1.839,1.859,1.839,1.867,1.867,1.867,1.832,1.819,1.859,1.867,1.778,1.867,1.939,1.859,1.869,1.842,1.857,1.779,1.809,1.898,1.819,1.867,1.789,1.843,1.829,1.819,1.867,1.869,1.819,1.836,1.899,1.799,1.857,1.839,1.779,1.849,1.779,1.857,1.833,2.03,1.769,1.862,1.799,1.899,1.779,1.829,1.829,1.867,1.829,1.819,1.779,1.857,1.867,1.855,1.849,1.862,1.783,1.839,1.859,1.879,1.839,1.857,1.799,1.896,1.867,1.853,1.829,1.839,1.783,1.867,1.857,1.799,1.826,1.799,1.829,1.862,1.857,1.839,1.779,1.869,1.839,1.789,1.819,1.895,1.809,1.867,1.879,1.853,1.867,1.809,1.883,1.912,1.793,1.729,1.842,1.857,1.799,1.867,1.881,1.862,1.829,1.897,1.819,1.839,1.862,1.867,1.869,1.867,1.869,1.869,1.819,1.867,1.826,1.867
2023-01-06,1.896,1.867,1.869,1.789,1.809,1.839,1.839,1.839,1.867,1.829,1.799,1.862,1.799,1.799,1.789,1.769,1.809,1.859,1.719,1.812,1.859,1.869,1.867,1.869,1.862,1.867,1.862,1.967,1.867,1.867,1.867,1.857,1.967,1.819,1.869,1.869,1.81,1.857,1.839,1.869,1.819,1.889,1.799,1.879,1.867,1.899,1.857,1.857,1.847,1.819,1.869,1.857,1.829,1.869,1.833,1.862,1.932,1.869,1.885,1.859,1.867,1.867,1.819,1.869,1.857,1.769,1.839,1.859,1.843,1.867,1.867,1.867,1.839,1.819,1.859,1.867,1.778,1.867,1.939,1.859,1.869,1.857,1.857,1.779,1.809,1.898,1.819,1.867,1.769,1.843,1.829,1.819,1.867,1.869,1.819,1.836,1.899,1.799,1.857,1.839,1.779,1.849,1.779,1.857,1.819,2.03,1.769,1.862,1.799,1.899,1.799,1.829,1.829,1.867,1.829,1.819,1.769,1.857,1.867,1.855,1.849,1.862,1.783,1.839,1.859,1.879,1.839,1.857,1.799,1.896,1.867,1.853,1.819,1.839,1.783,1.867,1.857,1.799,1.826,1.799,1.829,1.862,1.857,1.839,1.769,1.849,1.839,1.789,1.819,1.895,1.809,1.867,1.879,1.853,1.867,1.809,1.883,1.939,1.793,1.889,1.842,1.857,1.799,1.867,1.881,1.862,1.829,1.897,1.819,1.839,1.862,1.867,1.869,1.867,1.869,1.869,1.819,1.867,1.826,1.867
2023-01-07,1.896,1.867,1.869,1.789,1.809,1.839,1.839,1.839,1.867,1.829,1.799,1.819,1.799,1.799,1.789,1.769,1.809,1.859,1.719,1.812,1.859,1.869,1.867,1.869,1.862,1.867,1.862,1.967,1.867,1.867,1.867,1.857,1.967,1.819,1.869,1.869,1.81,1.857,1.839,1.869,1.819,1.889,1.799,1.879,1.867,1.899,1.857,1.857,1.847,1.819,1.869,1.857,1.838,1.869,1.833,1.862,1.932,1.869,1.885,1.859,1.867,1.867,1.819,1.869,1.857,1.769,1.839,1.859,1.843,1.867,1.867,1.867,1.839,1.819,1.859,1.867,1.778,1.867,1.939,1.859,1.869,1.857,1.857,1.779,1.809,1.898,1.819,1.867,1.769,1.843,1.829,1.819,1.867,1.869,1.819,1.836,1.899,1.799,1.857,1.839,1.779,1.849,1.779,1.857,1.819,2.03,1.769,1.862,1.799,1.899,1.799,1.829,1.829,1.867,1.829,1.819,1.769,1.857,1.867,1.855,1.849,1.862,1.783,1.839,1.859,1.879,1.839,1.857,1.799,1.896,1.867,1.853,1.819,1.839,1.783,1.867,1.857,1.799,1.826,1.799,1.829,1.862,1.857,1.839,1.769,1.849,1.869,1.789,1.819,1.895,1.809,1.867,1.879,1.853,1.867,1.809,1.883,1.939,1.793,1.889,1.842,1.857,1.799,1.867,1.881,1.862,1.829,1.897,1.819,1.839,1.862,1.867,1.869,1.867,1.869,1.869,1.819,1.867,1.826,1.867
2023-01-08,1.896,1.867,1.869,1.789,1.809,1.839,1.839,1.839,1.867,1.829,1.819,1.819,1.799,1.799,1.789,1.769,1.809,1.859,1.719,1.812,1.859,1.869,1.867,1.869,1.862,1.867,1.862,1.967,1.867,1.867,1.867,1.857,1.967,1.819,1.869,1.869,1.81,1.857,1.839,1.869,1.819,1.889,1.799,1.879,1.867,1.899,1.857,1.857,1.847,1.819,1.869,1.857,1.838,1.869,1.833,1.849,1.932,1.869,1.885,1.859,1.867,1.867,1.819,1.869,1.847,1.769,1.839,1.859,1.843,1.867,1.867,1.867,1.839,1.819,1.859,1.867,1.778,1.867,1.939,1.859,1.869,1.857,1.857,1.789,1.809,1.898,1.819,1.867,1.769,1.843,1.829,1.819,1.867,1.869,1.819,1.836,1.899,1.799,1.857,1.839,1.779,1.859,1.779,1.857,1.819,2.03,1.769,1.862,1.799,1.899,1.799,1.829,1.829,1.867,1.829,1.819,1.769,1.857,1.867,1.855,1.849,1.862,1.783,1.839,1.859,1.879,1.839,1.857,1.799,1.896,1.867,1.853,1.819,1.839,1.783,1.867,1.857,1.799,1.826,1.799,1.829,1.862,1.857,1.839,1.769,1.849,1.869,1.789,1.819,1.895,1.809,1.867,1.879,1.853,1.867,1.809,1.883,1.939,1.793,1.889,1.842,1.857,1.799,1.867,1.881,1.862,1.829,1.897,1.819,1.839,1.862,1.867,1.869,1.867,1.869,1.869,1.819,1.867,1.826,1.867
2023-01-09,1.896,1.867,1.869,1.789,1.809,1.839,1.839,1.839,1.867,1.829,1.819,1.819,1.789,1.799,1.779,1.769,1.799,1.859,1.719,1.812,1.859,1.869,1.867,1.869,1.862,1.867,1.862,1.967,1.867,1.867,1.867,1.857,1.967,1.819,1.869,1.869,1.839,1.857,1.839,1.869,1.819,1.889,1.799,1.879,1.867,1.899,1.857,1.857,1.847,1.819,1.869,1.857,1.838,1.869,1.833,1.849,1.932,1.869,1.885,1.859,1.867,1.867,1.819,1.849,1.847,1.769,1.839,1.859,1.843,1.867,1.867,1.867,1.839,1.819,1.859,1.867,1.798,1.867,1.939,1.859,1.869,1.857,1.857,1.789,1.809,1.898,1.819,1.867,1.769,1.843,1.829,1.819,1.867,1.869,1.849,1.836,1.899,1.799,1.857,1.839,1.779,1.859,1.769,1.857,1.819,2.03,1.769,1.862,1.799,1.899,1.799,1.829,1.819,1.867,1.829,1.819,1.769,1.857,1.867,1.855,1.849,1.862,1.789,1.839,1.819,1.879,1.819,1.857,1.799,1.896,1.867,1.853,1.819,1.839,1.769,1.867,1.857,1.799,1.826,1.799,1.829,1.862,1.857,1.839,1.769,1.849,1.869,1.789,1.819,1.895,1.809,1.867,1.879,1.853,1.867,1.809,1.883,1.939,1.793,1.889,1.842,1.857,1.799,1.867,1.881,1.862,1.829,1.897,1.819,1.839,1.862,1.867,1.869,1.867,1.869,1.869,1.819,1.867,1.826,1.867
2023-01-10,1.896,1.867,1.869,1.789,1.799,1.839,1.839,1.839,1.867,1.829,1.819,1.819,1.789,1.799,1.779,1.769,1.799,1.859,1.849,1.812,1.859,1.869,1.867,1.869,1.862,1.867,1.862,1.967,1.867,1.867,1.867,1.847,1.967,1.819,1.869,1.869,1.839,1.857,1.849,1.869,1.819,1.889,1.799,1.879,1.867,1.899,1.857,1.819,1.867,1.819,1.869,1.857,1.838,1.869,1.833,1.849,1.932,1.869,1.885,1.859,1.867,1.867,1.819,1.849,1.847,1.769,1.839,1.859,1.843,1.867,1.867,1.867,1.839,1.819,1.859,1.867,1.798,1.867,1.899,1.859,1.869,1.857,1.857,1.819,1.809,1.898,1.819,1.867,1.769,1.843,1.829,1.819,1.867,1.869,1.849,1.836,1.859,1.799,1.857,1.839,1.779,1.859,1.769,1.857,1.819,2.03,1.769,1.862,1.799,1.899,1.799,1.829,1.819,1.867,1.829,1.819,1.769,1.857,1.867,1.855,1.849,1.862,1.789,1.839,1.819,1.879,1.819,1.857,1.769,1.896,1.867,1.853,1.819,1.839,1.769,1.867,1.857,1.799,1.826,1.779,1.829,1.862,1.857,1.839,1.769,1.849,1.839,1.789,1.819,1.895,1.809,1.867,1.879,1.867,1.867,1.799,1.879,1.939,1.799,1.889,1.842,1.857,1.799,1.867,1.881,1.869,1.829,1.862,1.819,1.839,1.869,1.867,1.869,1.867,1.869,1.869,1.819,1.852,1.826,1.852
2023-01-11,1.896,1.867,1.869,1.789,1.799,1.849,1.829,1.829,1.867,1.829,1.819,1.819,1.789,1.799,1.779,1.769,1.799,1.859,1.849,1.812,1.859,1.899,1.867,1.869,1.862,1.867,1.862,1.967,1.867,1.867,1.867,1.847,1.957,1.819,1.869,1.849,1.839,1.857,1.849,1.869,1.819,1.889,1.799,1.879,1.867,1.899,1.847,1.819,1.867,1.819,1.869,1.857,1.838,1.869,1.799,1.849,1.932,1.869,1.885,1.859,1.857,1.867,1.819,1.849,1.847,1.769,1.839,1.819,1.843,1.867,1.867,1.867,1.839,1.819,1.859,1.857,1.798,1.867,1.899,1.859,1.849,1.857,1.857,1.819,1.809,1.898,1.819,1.867,1.769,1.843,1.829,1.819,1.857,1.869,1.849,1.836,1.859,1.798,1.857,1.829,1.779,1.859,1.769,1.857,1.819,2.03,1.769,1.862,1.799,1.869,1.799,1.829,1.819,1.867,1.829,1.819,1.769,1.857,1.867,1.855,1.859,1.862,1.789,1.839,1.819,1.879,1.819,1.857,1.799,1.896,1.867,1.853,1.819,1.839,1.769,1.857,1.857,1.799,1.826,1.779,1.829,1.862,1.857,1.839,1.769,1.849,1.839,1.789,1.819,1.895,1.819,1.867,1.879,1.867,1.867,1.799,1.879,1.939,1.799,1.889,1.842,1.857,1.799,1.867,1.881,1.869,1.829,1.852,1.819,1.839,1.869,1.867,1.869,1.867,1.839,1.849,1.819,1.842,1.826,1.852
2023-01-12,1.896,1.867,1.869,1.789,1.799,1.849,1.829,1.829,1.867,1.829,1.819,1.819,1.789,1.799,1.779,1.769,1.799,1.859,1.849,1.822,1.859,1.899,1.857,1.859,1.862,1.867,1.862,1.859,1.847,1.867,1.867,1.847,1.859,1.819,1.869,1.849,1.839,1.857,1.849,1.877,1.819,1.889,1.799,1.879,1.867,1.899,1.837,1.819,1.867,1.819,1.869,1.857,1.839,1.869,1.799,1.849,1.899,1.869,1.885,1.859,1.857,1.857,1.819,1.849,1.847,1.769,1.839,1.819,1.843,1.867,1.867,1.867,1.839,1.819,1.859,1.857,1.798,1.867,1.899,1.859,1.849,1.857,1.857,1.819,1.809,1.898,1.819,1.867,1.769,1.818,1.829,1.819,1.847,1.869,1.849,1.836,1.859,1.798,1.899,1.829,1.779,1.859,1.769,1.857,1.819,2.03,1.769,1.862,1.799,1.859,1.799,1.819,1.819,1.867,1.829,1.819,1.769,1.857,1.867,1.855,1.859,1.862,1.789,1.839,1.819,1.879,1.819,1.857,1.769,1.896,1.867,1.839,1.799,1.839,1.769,1.857,1.857,1.799,1.826,1.779,1.829,1.862,1.857,1.839,1.769,1.849,1.839,1.789,1.819,1.895,1.819,1.867,1.879,1.867,1.867,1.799,1.879,1.939,1.799,1.889,1.842,1.837,1.799,1.867,1.881,1.869,1.829,1.852,1.819,1.849,1.869,1.857,1.869,1.857,1.839,1.849,1.819,1.842,1.826,1.842
2023-01-13,1.896,1.857,1.869,1.789,1.799,1.849,1.829,1.829,1.867,1.829,1.819,1.819,1.789,1.799,1.779,1.769,1.799,1.849,1.849,1.822,1.839,1.899,1.847,1.859,1.862,1.847,1.862,1.859,1.847,1.857,1.857,1.837,1.859,1.819,1.869,1.849,1.839,1.847,1.849,1.889,1.819,1.897,1.799,1.879,1.857,1.899,1.837,1.819,1.867,1.819,1.869,1.847,1.839,1.869,1.799,1.849,1.899,1.869,1.885,1.859,1.857,1.847,1.809,1.849,1.847,1.769,1.839,1.819,1.843,1.867,1.867,1.867,1.839,1.819,1.859,1.857,1.798,1.857,1.909,1.859,1.849,1.849,1.857,1.819,1.799,1.898,1.819,1.867,1.769,1.818,1.819,1.819,1.847,1.869,1.849,1.836,1.859,1.798,1.899,1.829,1.779,1.849,1.769,1.857,1.819,2.03,1.769,1.862,1.799,1.859,1.799,1.819,1.819,1.847,1.829,1.819,1.769,1.857,1.867,1.835,1.859,1.862,1.789,1.839,1.819,1.869,1.819,1.847,1.769,1.896,1.847,1.839,1.799,1.839,1.769,1.847,1.837,1.799,1.826,1.779,1.829,1.862,1.857,1.839,1.769,1.849,1.839,1.789,1.819,1.895,1.819,1.847,1.859,1.867,1.867,1.799,1.879,1.939,1.799,1.889,1.842,1.837,1.799,1.867,1.881,1.869,1.829,1.852,1.819,1.849,1.869,1.857,1.869,1.857,1.829,1.819,1.819,1.842,1.826,1.842
2023-01-14,1.896,1.857,1.866,1.789,1.799,1.849,1.829,1.829,1.867,1.799,1.819,1.819,1.799,1.799,1.799,1.769,1.799,1.849,1.849,1.822,1.839,1.899,1.847,1.859,1.842,1.847,1.862,1.859,1.847,1.847,1.847,1.837,1.859,1.819,1.869,1.849,1.839,1.837,1.839,1.889,1.819,1.897,1.799,1.879,1.847,1.899,1.837,1.819,1.867,1.819,1.869,1.847,1.839,1.869,1.799,1.849,1.899,1.859,1.869,1.859,1.857,1.847,1.809,1.849,1.847,1.769,1.839,1.839,1.843,1.867,1.867,1.867,1.839,1.819,1.859,1.857,1.798,1.847,1.929,1.859,1.849,1.849,1.847,1.819,1.799,1.898,1.819,1.867,1.769,1.819,1.819,1.819,1.847,1.869,1.849,1.823,1.879,1.798,1.899,1.829,1.779,1.849,1.769,1.857,1.819,2.03,1.769,1.862,1.799,1.849,1.799,1.819,1.829,1.847,1.829,1.819,1.769,1.857,1.867,1.835,1.859,1.862,1.789,1.839,1.819,1.869,1.819,1.837,1.769,1.896,1.847,1.839,1.799,1.839,1.769,1.847,1.837,1.799,1.826,1.779,1.829,1.842,1.837,1.839,1.769,1.849,1.859,1.789,1.839,1.895,1.819,1.847,1.859,1.867,1.867,1.799,1.879,1.939,1.799,1.889,1.842,1.837,1.799,1.867,1.881,1.849,1.829,1.852,1.819,1.839,1.869,1.847,1.869,1.857,1.829,1.819,1.819,1.842,1.826,1.842
2023-01-15,1.896,1.847,1.866,1.789,1.799,1.849,1.829,1.829,1.867,1.799,1.819,1.819,1.799,1.799,1.799,1.769,1.799,1.849,1.849,1.822,1.839,1.899,1.847,1.859,1.842,1.847,1.862,1.859,1.847,1.847,1.847,1.837,1.859,1.819,1.869,1.849,1.839,1.837,1.839,1.889,1.819,1.897,1.799,1.879,1.847,1.899,1.837,1.819,1.867,1.819,1.869,1.847,1.839,1.869,1.799,1.849,1.899,1.859,1.869,1.859,1.857,1.847,1.809,1.849,1.847,1.769,1.839,1.839,1.843,1.867,1.867,1.847,1.839,1.819,1.859,1.847,1.777,1.847,1.929,1.859,1.849,1.849,1.837,1.819,1.799,1.898,1.819,1.867,1.769,1.819,1.829,1.819,1.847,1.869,1.849,1.823,1.879,1.798,1.899,1.829,1.779,1.849,1.769,1.857,1.819,2.03,1.769,1.862,1.799,1.849,1.799,1.839,1.829,1.847,1.829,1.819,1.769,1.857,1.867,1.835,1.859,1.862,1.789,1.819,1.819,1.869,1.819,1.837,1.839,1.896,1.847,1.839,1.799,1.839,1.769,1.847,1.837,1.799,1.826,1.779,1.829,1.842,1.837,1.839,1.769,1.849,1.859,1.789,1.839,1.895,1.819,1.847,1.859,1.867,1.867,1.799,1.879,1.929,1.799,1.889,1.847,1.837,1.799,1.837,1.881,1.849,1.829,1.852,1.819,1.839,1.869,1.847,1.869,1.847,1.829,1.819,1.819,1.842,1.826,1.842
2023-01-16,1.896,1.847,1.866,1.789,1.799,1.849,1.829,1.829,1.867,1.799,1.819,1.819,1.799,1.799,1.799,1.769,1.799,1.849,1.849,1.822,1.839,1.899,1.847,1.859,1.842,1.847,1.862,1.859,1.847,1.847,1.847,1.837,1.859,1.819,1.869,1.849,1.869,1.837,1.839,1.889,1.789,1.897,1.779,1.869,1.847,1.899,1.837,1.819,1.867,1.819,1.869,1.837,1.839,1.869,1.799,1.849,1.899,1.859,1.869,1.859,1.857,1.847,1.809,1.849,1.847,1.769,1.839,1.839,1.829,1.867,1.867,1.847,1.839,1.819,1.859,1.847,1.798,1.847,1.929,1.859,1.849,1.849,1.837,1.819,1.799,1.898,1.819,1.867,1.769,1.819,1.829,1.819,1.847,1.869,1.829,1.823,1.879,1.798,1.899,1.829,1.779,1.849,1.769,1.837,1.819,2.03,1.769,1.857,1.799,1.849,1.799,1.839,1.829,1.847,1.829,1.819,1.769,1.857,1.867,1.835,1.859,1.862,1.789,1.819,1.819,1.869,1.819,1.837,1.839,1.896,1.847,1.839,1.799,1.839,1.769,1.847,1.837,1.799,1.826,1.779,1.829,1.842,1.837,1.839,1.769,1.849,1.859,1.789,1.839,1.895,1.819,1.847,1.859,1.867,1.847,1.799,1.879,1.929,1.799,1.889,1.847,1.837,1.799,1.837,1.881,1.849,1.829,1.852,1.819,1.839,1.869,1.847,1.869,1.847,1.829,1.819,1.819,1.842,1.826,1.842
2023-01-17,1.896,1.847,1.849,1.789,1.799,1.849,1.829,1.829,1.867,1.799,1.819,1.819,1.799,1.799,1.799,1.769,1.799,1.849,1.849,1.849,1.839,1.899,1.847,1.899,1.842,1.847,1.842,1.859,1.847,1.847,1.847,1.837,1.859,1.819,1.869,1.849,1.869,1.837,1.839,1.889,1.799,1.897,1.789,1.877,1.847,1.899,1.837,1.849,1.867,1.819,1.869,1.837,1.839,1.869,1.799,1.849,1.899,1.859,1.869,1.859,1.857,1.847,1.809,1.849,1.847,1.769,1.839,1.839,1.829,1.847,1.847,1.847,1.829,1.819,1.859,1.847,1.798,1.847,1.949,1.859,1.849,1.849,1.837,1.819,1.829,1.898,1.819,1.847,1.769,1.819,1.829,1.819,1.847,1.869,1.829,1.823,1.899,1.798,1.899,1.829,1.779,1.849,1.769,1.837,1.819,2.03,1.799,1.857,1.799,1.869,1.799,1.839,1.829,1.847,1.829,1.829,1.769,1.857,1.847,1.835,1.859,1.842,1.789,1.819,1.819,1.869,1.819,1.837,1.839,1.896,1.847,1.839,1.839,1.839,1.769,1.847,1.837,1.799,1.826,1.779,1.829,1.842,1.837,1.839,1.769,1.849,1.859,1.789,1.819,1.895,1.819,1.847,1.859,1.867,1.847,1.799,1.879,1.929,1.799,1.889,1.847,1.837,1.799,1.837,1.881,1.849,1.829,1.852,1.819,1.859,1.869,1.847,1.869,1.847,1.849,1.839,1.819,1.842,1.826,1.842
2023-01-18,1.896,1.847,1.849,1.789,1.799,1.849,1.829,1.829,1.867,1.799,1.819,1.819,1.799,1.799,1.799,1.769,1.799,1.849,1.849,1.849,1.839,1.899,1.847,1.899,1.842,1.847,1.842,1.859,1.847,1.847,1.847,1.837,1.859,1.819,1.869,1.859,1.869,1.837,1.839,1.889,1.799,1.897,1.789,1.877,1.847,1.899,1.837,1.849,1.867,1.819,1.859,1.837,1.839,1.869,1.829,1.859,1.899,1.859,1.889,1.859,1.857,1.847,1.809,1.849,1.847,1.779,1.839,1.839,1.839,1.847,1.847,1.847,1.829,1.839,1.859,1.847,1.798,1.847,1.949,1.859,1.849,1.849,1.837,1.819,1.829,1.898,1.839,1.847,1.779,1.829,1.829,1.859,1.847,1.879,1.829,1.823,1.899,1.798,1.899,1.829,1.839,1.849,1.769,1.837,1.829,2.03,1.799,1.877,1.839,1.869,1.799,1.839,1.829,1.847,1.839,1.839,1.769,1.837,1.847,1.835,1.859,1.842,1.789,1.819,1.839,1.869,1.819,1.837,1.769,1.896,1.847,1.869,1.839,1.839,1.769,1.847,1.837,1.799,1.826,1.779,1.829,1.842,1.837,1.839,1.769,1.849,1.859,1.789,1.819,1.895,1.819,1.847,1.859,1.869,1.847,1.799,1.879,1.929,1.819,1.889,1.847,1.837,1.819,1.837,1.881,1.849,1.829,1.852,1.819,1.859,1.869,1.847,1.869,1.847,1.849,1.839,1.819,1.842,1.826,1.842
2023-01-19,1.896,1.847,1.849,1.789,1.799,1.849,1.829,1.829,1.867,1.819,1.849,1.819,1.819,1.819,1.819,1.769,1.799,1.849,1.849,1.849,1.839,1.899,1.847,1.899,1.842,1.847,1.842,1.859,1.847,1.857,1.847,1.847,1.859,1.829,1.869,1.859,1.869,1.847,1.849,1.889,1.849,1.897,1.789,1.877,1.847,1.899,1.837,1.849,1.867,1.819,1.859,1.837,1.849,1.869,1.829,1.859,1.899,1.859,1.889,1.859,1.847,1.857,1.839,1.849,1.847,1.779,1.869,1.849,1.839,1.847,1.847,1.847,1.839,1.839,1.859,1.847,1.798,1.847,1.949,1.859,1.859,1.837,1.837,1.819,1.829,1.898,1.839,1.847,1.779,1.829,1.829,1.859,1.857,1.879,1.859,1.823,1.899,1.798,1.899,1.829,1.839,1.879,1.789,1.837,1.839,2.03,1.799,1.877,1.839,1.869,1.799,1.839,1.829,1.847,1.839,1.839,1.769,1.837,1.847,1.835,1.859,1.842,1.789,1.819,1.839,1.869,1.819,1.837,1.769,1.896,1.857,1.869,1.839,1.839,1.769,1.847,1.837,1.799,1.826,1.799,1.829,1.842,1.837,1.839,1.769,1.859,1.859,1.789,1.829,1.895,1.839,1.847,1.859,1.869,1.847,1.799,1.889,1.929,1.839,1.889,1.847,1.847,1.839,1.837,1.881,1.849,1.829,1.862,1.819,1.859,1.869,1.847,1.869,1.847,1.849,1.839,1.819,1.852,1.826,1.852
2023-01-20,1.896,1.857,1.859,1.789,1.799,1.849,1.829,1.829,1.867,1.839,1.849,1.819,1.839,1.839,1.839,1.769,1.819,1.899,1.849,1.849,1.849,1.899,1.857,1.899,1.852,1.857,1.842,1.859,1.857,1.857,1.857,1.847,1.859,1.829,1.869,1.859,1.869,1.847,1.859,1.889,1.869,1.897,1.789,1.877,1.857,1.899,1.847,1.849,1.877,1.839,1.869,1.847,1.849,1.869,1.849,1.859,1.899,1.859,1.889,1.879,1.847,1.857,1.839,1.849,1.877,1.799,1.869,1.849,1.849,1.857,1.847,1.847,1.839,1.849,1.859,1.857,1.798,1.857,1.899,1.859,1.869,1.837,1.847,1.819,1.829,1.898,1.849,1.857,1.799,1.839,1.849,1.859,1.857,1.889,1.859,1.823,1.859,1.798,1.899,1.829,1.859,1.879,1.799,1.847,1.849,2.03,1.799,1.877,1.849,1.879,1.819,1.859,1.849,1.847,1.859,1.849,1.789,1.847,1.847,1.835,1.859,1.852,1.799,1.839,1.849,1.869,1.819,1.847,1.839,1.896,1.857,1.869,1.839,1.839,1.799,1.857,1.837,1.799,1.826,1.819,1.829,1.842,1.847,1.839,1.789,1.859,1.859,1.789,1.829,1.895,1.859,1.857,1.859,1.869,1.857,1.799,1.899,1.929,1.859,1.889,1.847,1.847,1.849,1.837,1.881,1.849,1.849,1.862,1.929,1.859,1.899,1.857,1.869,1.857,1.859,1.849,1.829,1.852,1.826,1.852
2023-01-21,1.896,1.877,1.859,1.789,1.819,1.849,1.829,1.829,1.897,1.849,1.849,1.819,1.839,1.849,1.859,1.799,1.839,1.899,1.849,1.849,1.849,1.899,1.857,1.899,1.852,1.857,1.842,1.869,1.857,1.877,1.857,1.847,1.859,1.849,1.869,1.859,1.869,1.847,1.869,1.889,1.889,1.899,1.819,1.877,1.857,1.899,1.847,1.849,1.877,1.839,1.879,1.847,1.849,1.869,1.859,1.879,1.909,1.899,1.889,1.879,1.867,1.877,1.839,1.849,1.877,1.809,1.899,1.849,1.859,1.857,1.847,1.847,1.839,1.849,1.859,1.857,1.798,1.877,1.899,1.859,1.869,1.847,1.847,1.839,1.849,1.898,1.849,1.857,1.809,1.849,1.849,1.859,1.857,1.889,1.859,1.823,1.879,1.829,1.937,1.829,1.859,1.879,1.799,1.847,1.859,2.03,1.819,1.877,1.859,1.879,1.819,1.859,1.869,1.857,1.859,1.849,1.789,1.847,1.847,1.845,1.859,1.852,1.799,1.839,1.849,1.869,1.819,1.847,1.859,1.896,1.877,1.899,1.839,1.849,1.809,1.857,1.847,1.799,1.826,1.839,1.829,1.852,1.847,1.839,1.789,1.869,1.859,1.789,1.849,1.895,1.859,1.857,1.859,1.879,1.857,1.819,1.909,1.929,1.869,1.889,1.847,1.847,1.849,1.847,1.881,1.879,1.849,1.882,1.929,1.859,1.899,1.857,1.869,1.857,1.859,1.849,1.849,1.872,1.826,1.872
2023-01-22,1.896,1.877,1.859,1.789,1.819,1.849,1.829,1.829,1.897,1.849,1.849,1.819,1.839,1.849,1.859,1.799,1.839,1.899,1.849,1.849,1.869,1.899,1.877,1.899,1.852,1.877,1.872,1.869,1.877,1.877,1.877,1.867,1.889,1.849,1.899,1.899,1.869,1.867,1.869,1.889,1.889,1.899,1.819,1.877,1.877,1.899,1.867,1.849,1.877,1.859,1.879,1.867,1.849,1.869,1.859,1.889,1.909,1.899,1.889,1.879,1.867,1.877,1.839,1.849,1.877,1.809,1.899,1.849,1.859,1.877,1.847,1.877,1.879,1.849,1.859,1.887,1.838,1.877,1.899,1.859,1.869,1.847,1.867,1.839,1.879,1.898,1.849,1.877,1.809,1.849,1.849,1.859,1.857,1.889,1.859,1.823,1.879,1.849,1.937,1.829,1.859,1.879,1.799,1.847,1.859,2.03,1.819,1.877,1.859,1.879,1.819,1.869,1.869,1.877,1.859,1.849,1.789,1.867,1.847,1.865,1.859,1.852,1.799,1.839,1.859,1.869,1.819,1.867,1.859,1.896,1.877,1.899,1.839,1.849,1.809,1.877,1.847,1.799,1.826,1.839,1.869,1.872,1.867,1.839,1.789,1.869,1.859,1.819,1.849,1.895,1.859,1.857,1.859,1.879,1.877,1.839,1.909,1.949,1.869,1.889,1.847,1.847,1.849,1.867,1.881,1.879,1.869,1.882,1.859,1.859,1.899,1.877,1.869,1.877,1.859,1.849,1.849,1.872,1.826,1.872
2023-01-23,1.896,1.877,1.859,1.789,1.819,1.849,1.829,1.829,1.897,1.849,1.849,1.819,1.839,1.849,1.859,1.799,1.839,1.899,1.849,1.849,1.869,1.899,1.877,1.899,1.852,1.877,1.872,1.889,1.877,1.877,1.877,1.867,1.889,1.849,1.899,1.899,1.869,1.867,1.869,1.889,1.889,1.899,1.819,1.877,1.877,1.899,1.867,1.849,1.877,1.859,1.879,1.867,1.849,1.869,1.859,1.889,1.909,1.899,1.889,1.879,1.867,1.877,1.839,1.849,1.877,1.809,1.899,1.849,1.859,1.877,1.847,1.877,1.879,1.849,1.859,1.887,1.838,1.877,1.899,1.859,1.869,1.847,1.867,1.839,1.879,1.898,1.849,1.877,1.809,1.849,1.849,1.859,1.877,1.889,1.859,1.823,1.879,1.849,1.937,1.829,1.859,1.879,1.799,1.867,1.859,2.03,1.819,1.877,1.859,1.879,1.819,1.869,1.869,1.877,1.859,1.849,1.789,1.867,1.847,1.865,1.859,1.852,1.829,1.849,1.859,1.869,1.819,1.867,1.859,1.896,1.877,1.899,1.839,1.849,1.809,1.877,1.847,1.799,1.826,1.839,1.869,1.872,1.867,1.839,1.789,1.869,1.859,1.819,1.849,1.895,1.859,1.857,1.859,1.879,1.877,1.839,1.909,1.949,1.869,1.889,1.847,1.867,1.849,1.867,1.881,1.879,1.869,1.882,1.859,1.859,1.899,1.877,1.869,1.877,1.859,1.849,1.849,1.872,1.826,1.872
2023-01-24,1.896,1.897,1.889,1.789,1.839,1.849,1.849,1.849,1.939,1.869,1.849,1.859,1.879,1.869,1.879,1.799,1.859,1.899,1.849,1.849,1.869,1.939,1.877,1.929,1.872,1.877,1.872,1.889,1.877,1.897,1.877,1.887,1.889,1.869,1.899,1.899,1.889,1.887,1.889,1.889,1.889,1.899,1.849,1.877,1.877,1.899,1.887,1.849,1.877,1.859,1.889,1.867,1.849,1.869,1.859,1.919,1.929,1.899,1.889,1.879,1.867,1.897,1.839,1.899,1.877,1.819,1.899,1.879,1.869,1.897,1.877,1.877,1.879,1.879,1.859,1.887,1.838,1.877,1.919,1.859,1.899,1.867,1.867,1.859,1.879,1.898,1.869,1.877,1.819,1.869,1.849,1.859,1.897,1.919,1.859,1.823,1.899,1.849,1.937,1.849,1.879,1.879,1.829,1.887,1.879,2.03,1.849,1.897,1.879,1.899,1.849,1.869,1.869,1.877,1.889,1.889,1.819,1.867,1.877,1.865,1.859,1.872,1.849,1.849,1.879,1.899,1.819,1.867,1.859,1.916,1.897,1.919,1.839,1.849,1.809,1.877,1.867,1.897,1.826,1.859,1.869,1.872,1.887,1.839,1.819,1.879,1.879,1.819,1.869,1.895,1.859,1.877,1.859,1.879,1.877,1.839,1.939,1.949,1.899,1.889,1.877,1.887,1.849,1.867,1.881,1.899,1.869,1.902,1.859,1.859,1.899,1.877,1.869,1.877,1.879,1.869,1.849,1.892,1.868,1.892
2023-01-25,1.896,1.897,1.889,1.819,1.859,1.889,1.889,1.889,1.939,1.889,1.849,1.859,1.899,1.889,1.899,1.829,1.879,1.899,1.849,1.859,1.869,1.939,1.897,1.949,1.872,1.897,1.872,1.909,1.897,1.897,1.897,1.887,1.889,1.889,1.899,1.899,1.889,1.887,1.919,1.939,1.939,1.959,1.869,1.939,1.897,1.899,1.887,1.899,1.877,1.859,1.919,1.887,1.849,1.869,1.859,1.939,1.949,1.919,1.924,1.879,1.897,1.907,1.859,1.899,1.897,1.839,1.899,1.919,1.899,1.897,1.897,1.897,1.899,1.919,1.859,1.887,1.898,1.897,1.919,1.859,1.929,1.867,1.887,1.859,1.879,1.898,1.919,1.897,1.839,1.889,1.879,1.859,1.907,1.919,1.889,1.823,1.899,1.859,1.937,1.889,1.899,1.879,1.859,1.887,1.899,2.03,1.879,1.897,1.899,1.909,1.849,1.899,1.869,1.897,1.889,1.889,1.829,1.867,1.877,1.885,1.879,1.892,1.849,1.849,1.899,1.899,1.819,1.887,1.879,1.936,1.897,1.919,1.859,1.869,1.819,1.897,1.887,1.897,1.826,1.859,1.869,1.892,1.887,1.839,1.829,1.899,1.879,1.869,1.869,1.915,1.899,1.897,1.869,1.879,1.897,1.859,1.959,1.969,1.919,1.889,1.877,1.887,1.849,1.867,1.881,1.919,1.899,1.912,1.889,1.859,1.899,1.877,1.869,1.897,1.889,1.879,1.889,1.902,1.868,1.902
2023-01-26,1.936,1.897,1.889,1.829,1.879,1.919,1.889,1.889,1.939,1.889,1.899,1.889,1.899,1.899,1.899,1.859,1.879,1.899,1.849,1.859,1.899,1.979,1.907,1.949,1.887,1.907,1.872,1.919,1.907,1.897,1.897,1.897,1.909,1.889,1.899,1.899,1.889,1.897,1.919,1.939,1.939,1.959,1.869,1.939,1.907,1.899,1.887,1.899,1.877,1.889,1.919,1.897,1.899,1.869,1.859,1.939,1.949,1.919,1.924,1.899,1.897,1.907,1.899,1.899,1.897,1.839,1.899,1.919,1.899,1.897,1.897,1.907,1.899,1.919,1.859,1.907,1.898,1.907,1.939,1.859,1.929,1.867,1.897,1.899,1.899,1.898,1.919,1.907,1.839,1.889,1.879,1.859,1.907,1.919,1.889,1.823,1.899,1.859,1.937,1.889,1.899,1.919,1.859,1.897,1.899,2.03,1.879,1.907,1.899,1.909,1.849,1.899,1.899,1.897,1.889,1.889,1.849,1.897,1.907,1.885,1.889,1.892,1.849,1.849,1.899,1.899,1.819,1.887,1.899,1.936,1.907,1.919,1.879,1.869,1.839,1.907,1.887,1.897,1.826,1.859,1.899,1.902,1.887,1.839,1.849,1.899,1.889,1.869,1.889,1.935,1.899,1.897,1.889,1.879,1.907,1.879,1.959,1.969,1.919,1.889,1.877,1.897,1.849,1.897,1.881,1.919,1.899,1.912,1.919,1.859,1.919,1.877,1.869,1.897,1.889,1.879,1.889,1.902,1.868,1.902
2023-01-27,1.936,1.907,1.919,1.849,1.879,1.919,1.889,1.889,1.939,1.889,1.899,1.889,1.899,1.899,1.899,1.859,1.879,1.939,1.849,1.889,1.899,1.979,1.907,1.949,1.887,1.907,1.872,1.919,1.907,1.897,1.907,1.907,1.909,1.889,1.939,1.899,1.889,1.907,1.919,1.939,1.939,1.959,1.869,1.939,1.907,1.899,1.897,1.899,1.917,1.889,1.919,1.897,1.899,1.919,1.859,1.939,1.949,1.919,1.924,1.899,1.897,1.917,1.899,1.899,1.897,1.839,1.899,1.919,1.899,1.907,1.897,1.907,1.899,1.919,1.859,1.907,1.898,1.907,1.939,1.859,1.929,1.867,1.907,1.899,1.899,1.898,1.919,1.907,1.839,1.889,1.879,1.859,1.917,1.919,1.889,1.823,1.899,1.859,1.937,1.889,1.899,1.919,1.859,1.907,1.899,2.03,1.879,1.907,1.899,1.919,1.849,1.899,1.899,1.897,1.889,1.889,1.849,1.897,1.907,1.895,1.899,1.912,1.869,1.879,1.899,1.899,1.819,1.887,1.899,1.936,1.907,1.919,1.879,1.869,1.839,1.907,1.897,1.897,1.826,1.859,1.899,1.902,1.887,1.899,1.849,1.899,1.889,1.869,1.889,1.935,1.899,1.897,1.889,1.879,1.907,1.879,1.949,1.969,1.919,1.889,1.877,1.897,1.899,1.897,1.881,1.919,1.899,1.912,1.919,1.919,1.919,1.907,1.869,1.907,1.889,1.879,1.889,1.912,1.868,1.912
2023-01-28,1.936,1.917,1.919,1.849,1.879,1.919,1.889,1.889,1.939,1.889,1.899,1.889,1.899,1.899,1.899,1.859,1.879,1.939,1.849,1.889,1.899,1.979,1.917,1.949,1.907,1.917,1.872,1.929,1.917,1.917,1.907,1.907,1.909,1.889,1.939,1.899,1.899,1.907,1.919,1.939,1.939,1.959,1.869,1.939,1.917,1.899,1.907,1.909,1.917,1.889,1.919,1.907,1.899,1.919,1.859,1.939,1.949,1.919,1.924,1.899,1.897,1.917,1.899,1.899,1.907,1.839,1.899,1.919,1.899,1.917,1.897,1.907,1.899,1.919,1.859,1.907,1.898,1.917,1.939,1.859,1.929,1.899,1.907,1.899,1.899,1.898,1.919,1.917,1.839,1.889,1.889,1.859,1.917,1.919,1.889,1.823,1.899,1.879,1.937,1.889,1.899,1.919,1.859,1.907,1.899,2.03,1.879,1.907,1.899,1.919,1.899,1.899,1.899,1.897,1.889,1.889,1.849,1.907,1.907,1.905,1.899,1.912,1.869,1.879,1.899,1.899,1.819,1.897,1.899,1.936,1.917,1.919,1.899,1.889,1.839,1.917,1.897,1.897,1.826,1.859,1.899,1.902,1.907,1.899,1.849,1.899,1.869,1.869,1.889,1.935,1.899,1.917,1.889,1.919,1.917,1.879,1.949,1.969,1.919,1.889,1.877,1.907,1.899,1.907,1.881,1.919,1.899,1.922,1.919,1.919,1.919,1.917,1.869,1.907,1.889,1.879,1.889,1.912,1.868,1.912
2023-01-29,1.936,1.917,1.919,1.849,1.879,1.919,1.889,1.889,1.939,1.889,1.899,1.889,1.899,1.899,1.899,1.859,1.879,1.939,1.889,1.889,1.899,1.979,1.917,1.949,1.907,1.917,1.872,1.929,1.917,1.917,1.917,1.907,1.909,1.889,1.939,1.919,1.899,1.907,1.919,1.939,1.939,1.959,1.869,1.939,1.917,1.899,1.907,1.909,1.917,1.889,1.919,1.907,1.899,1.919,1.859,1.939,1.949,1.919,1.924,1.899,1.899,1.917,1.899,1.899,1.907,1.839,1.899,1.919,1.899,1.917,1.897,1.907,1.899,1.919,1.859,1.907,1.898,1.917,1.959,1.859,1.929,1.899,1.907,1.899,1.899,1.898,1.919,1.917,1.839,1.889,1.889,1.859,1.917,1.919,1.889,1.823,1.899,1.879,1.989,1.889,1.899,1.919,1.859,1.907,1.899,2.03,1.879,1.912,1.899,1.919,1.899,1.899,1.899,1.897,1.889,1.889,1.849,1.907,1.907,1.905,1.899,1.912,1.899,1.899,1.899,1.899,1.819,1.897,1.899,1.936,1.917,1.919,1.899,1.899,1.839,1.917,1.907,1.897,1.826,1.859,1.899,1.902,1.907,1.899,1.849,1.899,1.869,1.869,1.889,1.935,1.859,1.917,1.889,1.919,1.917,1.879,1.949,1.969,1.919,1.889,1.877,1.907,1.899,1.907,1.881,1.919,1.899,1.922,1.919,1.919,1.919,1.917,1.869,1.917,1.889,1.879,1.889,1.912,1.868,1.912
2023-01-30,1.936,1.917,1.919,1.849,1.879,1.919,1.889,1.889,1.939,1.889,1.899,1.889,1.899,1.899,1.899,1.859,1.879,1.939,1.889,1.889,1.899,1.979,1.917,1.949,1.907,1.917,1.872,1.929,1.917,1.917,1.917,1.907,1.909,1.889,1.939,1.919,1.899,1.907,1.919,1.929,1.899,1.949,1.859,1.899,1.917,1.899,1.907,1.909,1.917,1.889,1.919,1.907,1.899,1.919,1.859,1.939,1.949,1.919,1.924,1.899,1.899,1.917,1.899,1.899,1.907,1.839,1.899,1.919,1.899,1.917,1.897,1.907,1.899,1.919,1.859,1.907,1.898,1.917,1.959,1.859,1.929,1.899,1.907,1.899,1.899,1.898,1.919,1.917,1.839,1.889,1.889,1.859,1.917,1.919,1.889,1.823,1.899,1.879,1.989,1.889,1.899,1.919,1.859,1.907,1.899,2.03,1.879,1.912,1.899,1.919,1.899,1.899,1.899,1.897,1.889,1.889,1.849,1.907,1.907,1.905,1.899,1.912,1.899,1.899,1.899,1.899,1.819,1.897,1.899,1.936,1.917,1.919,1.899,1.899,1.839,1.917,1.907,1.897,1.826,1.859,1.899,1.902,1.907,1.899,1.849,1.899,1.869,1.869,1.889,1.935,1.859,1.917,1.889,1.919,1.917,1.879,1.949,1.969,1.919,1.889,1.877,1.907,1.899,1.907,1.881,1.919,1.899,1.922,1.919,1.919,1.919,1.917,1.869,1.917,1.889,1.879,1.889,1.912,1.868,1.912
2023-01-31,1.936,1.917,1.929,1.849,1.879,1.919,1.889,1.889,1.939,1.889,1.899,1.889,1.899,1.899,1.899,1.859,1.879,1.939,1.889,1.889,1.899,1.979,1.917,1.949,1.907,1.917,1.872,1.929,1.917,1.917,1.917,1.907,1.929,1.889,1.939,1.919,1.899,1.907,1.919,1.929,1.899,1.949,1.839,1.899,1.917,1.899,1.907,1.909,1.917,1.889,1.919,1.907,1.899,1.919,1.859,1.939,1.949,1.919,1.924,1.899,1.899,1.917,1.899,1.899,1.917,1.839,1.909,1.919,1.899,1.917,1.917,1.907,1.899,1.919,1.859,1.907,1.898,1.917,1.959,1.859,1.929,1.899,1.907,1.899,1.899,1.898,1.919,1.917,1.839,1.889,1.889,1.859,1.917,1.919,1.889,1.873,1.899,1.879,1.989,1.889,1.899,1.919,1.859,1.907,1.899,2.03,1.879,1.912,1.899,1.919,1.899,1.899,1.899,1.917,1.879,1.889,1.839,1.907,1.907,1.905,1.899,1.912,1.899,1.899,1.899,1.899,1.819,1.897,1.899,1.936,1.917,1.919,1.899,1.899,1.849,1.917,1.907,1.897,1.853,1.889,1.899,1.902,1.907,1.899,1.839,1.899,1.859,1.869,1.889,1.935,1.879,1.917,1.889,1.919,1.917,1.879,1.949,1.979,1.899,1.889,1.877,1.907,1.899,1.907,1.881,1.919,1.899,1.922,1.919,1.919,1.919,1.917,1.909,1.917,1.889,1.889,1.889,1.912,1.883,1.912
2023-02-01,1.936,1.917,1.929,1.849,1.879,1.919,1.889,1.889,1.939,1.879,1.899,1.889,1.899,1.899,1.899,1.859,1.879,1.939,1.889,1.889,1.899,1.969,1.917,1.949,1.907,1.917,1.872,1.929,1.917,1.917,1.917,1.907,1.929,1.889,1.939,1.919,1.899,1.907,1.919,1.929,1.899,1.949,1.839,1.899,1.917,1.899,1.907,1.909,1.917,1.889,1.919,1.907,1.889,1.919,1.859,1.899,1.929,1.939,1.924,1.899,1.899,1.917,1.899,1.899,1.917,1.839,1.909,1.919,1.899,1.917,1.917,1.907,1.899,1.919,1.859,1.907,1.898,1.917,1.959,1.859,1.929,1.899,1.907,1.899,1.899,1.898,1.919,1.917,1.839,1.889,1.889,1.919,1.917,1.919,1.889,1.873,1.899,1.899,1.989,1.889,1.899,1.899,1.859,1.907,1.899,2.03,1.879,1.912,1.899,1.919,1.899,1.899,1.899,1.917,1.879,1.889,1.839,1.907,1.907,1.905,1.899,1.912,1.879,1.879,1.899,1.899,1.819,1.897,1.899,1.936,1.917,1.909,1.899,1.899,1.839,1.917,1.907,1.897,1.853,1.889,1.899,1.912,1.907,1.899,1.839,1.899,1.859,1.869,1.889,1.935,1.879,1.917,1.889,1.919,1.917,1.879,1.949,1.979,1.899,1.889,1.899,1.907,1.899,1.907,1.881,1.919,1.899,1.922,1.919,1.919,1.919,1.917,1.909,1.917,1.889,1.889,1.889,1.912,1.883,1.912
2023-02-02,1.936,1.917,1.929,1.839,1.869,1.909,1.889,1.889,1.939,1.879,1.899,1.889,1.899,1.899,1.899,1.839,1.879,1.939,1.889,1.889,1.909,1.969,1.917,1.949,1.898,1.917,1.872,1.929,1.917,1.917,1.917,1.907,1.929,1.889,1.939,1.919,1.899,1.907,1.909,1.929,1.899,1.949,1.839,1.899,1.917,1.899,1.907,1.909,1.917,1.889,1.919,1.907,1.889,1.919,1.879,1.899,1.929,1.939,1.924,1.899,1.899,1.917,1.899,1.899,1.917,1.839,1.909,1.919,1.899,1.917,1.917,1.907,1.899,1.919,1.859,1.907,1.898,1.917,1.959,1.859,1.929,1.899,1.907,1.899,1.899,1.898,1.919,1.917,1.839,1.889,1.889,1.919,1.917,1.919,1.889,1.873,1.899,1.899,1.989,1.889,1.899,1.899,1.859,1.907,1.899,2.03,1.879,1.912,1.899,1.919,1.899,1.899,1.899,1.917,1.879,1.889,1.839,1.907,1.907,1.905,1.899,1.912,1.879,1.879,1.899,1.899,1.819,1.897,1.899,1.936,1.917,1.909,1.899,1.899,1.839,1.917,1.907,1.897,1.853,1.889,1.899,1.912,1.907,1.899,1.839,1.899,1.859,1.869,1.889,1.935,1.879,1.917,1.889,1.919,1.917,1.869,1.949,1.979,1.899,1.889,1.899,1.907,1.899,1.917,1.881,1.919,1.899,1.922,1.919,1.909,1.919,1.917,1.909,1.917,1.889,1.889,1.889,1.912,1.883,1.912
2023-02-03,1.936,1.917,1.929,1.839,1.869,1.909,1.889,1.889,1.939,1.869,1.899,1.889,1.899,1.899,1.899,1.839,1.879,1.939,1.889,1.889,1.909,1.969,1.917,1.949,1.898,1.917,1.872,1.929,1.917,1.917,1.917,1.907,1.929,1.889,1.929,1.919,1.899,1.907,1.909,1.929,1.899,1.949,1.839,1.899,1.917,1.899,1.907,1.909,1.917,1.889,1.919,1.907,1.889,1.919,1.849,1.899,1.929,1.939,1.924,1.899,1.899,1.917,1.899,1.899,1.917,1.839,1.909,1.909,1.899,1.917,1.917,1.907,1.899,1.909,1.859,1.907,1.898,1.917,1.959,1.859,1.909,1.899,1.907,1.899,1.879,1.945,1.919,1.917,1.839,1.889,1.889,1.919,1.917,1.919,1.889,1.873,1.899,1.899,1.989,1.889,1.899,1.899,1.859,1.907,1.899,2.03,1.879,1.912,1.899,1.919,1.899,1.899,1.899,1.917,1.879,1.889,1.839,1.907,1.907,1.905,1.899,1.912,1.879,1.879,1.899,1.899,1.819,1.897,1.899,1.936,1.917,1.909,1.899,1.899,1.839,1.917,1.907,1.897,1.853,1.879,1.899,1.912,1.907,1.899,1.839,1.899,1.859,1.859,1.889,1.935,1.879,1.917,1.889,1.919,1.917,1.869,1.919,1.979,1.899,1.889,1.899,1.907,1.899,1.917,1.881,1.899,1.899,1.922,1.919,1.909,1.919,1.917,1.909,1.917,1.889,1.889,1.889,1.912,1.883,1.912
2023-02-04,1.936,1.917,1.929,1.839,1.859,1.899,1.889,1.889,1.939,1.859,1.899,1.889,1.899,1.899,1.899,1.839,1.879,1.939,1.889,1.889,1.909,1.969,1.917,1.929,1.898,1.917,1.912,1.929,1.917,1.917,1.917,1.907,1.929,1.889,1.929,1.919,1.899,1.907,1.909,1.929,1.899,1.949,1.839,1.899,1.917,1.899,1.907,1.909,1.917,1.889,1.919,1.907,1.889,1.919,1.849,1.899,1.929,1.939,1.924,1.899,1.899,1.917,1.899,1.899,1.917,1.839,1.909,1.899,1.899,1.917,1.917,1.907,1.899,1.899,1.859,1.907,1.898,1.917,1.959,1.859,1.899,1.899,1.907,1.899,1.879,1.945,1.899,1.917,1.839,1.889,1.889,1.919,1.917,1.909,1.889,1.873,1.899,1.899,1.989,1.889,1.899,1.899,1.859,1.907,1.899,2.03,1.839,1.912,1.899,1.899,1.889,1.899,1.899,1.917,1.869,1.889,1.839,1.907,1.917,1.905,1.899,1.912,1.879,1.879,1.899,1.899,1.819,1.897,1.899,1.936,1.917,1.909,1.899,1.899,1.839,1.917,1.907,1.897,1.853,1.879,1.899,1.912,1.907,1.899,1.839,1.899,1.859,1.859,1.889,1.935,1.879,1.917,1.889,1.919,1.917,1.859,1.899,1.979,1.899,1.889,1.899,1.907,1.899,1.917,1.881,1.899,1.899,1.922,1.899,1.909,1.899,1.917,1.909,1.917,1.889,1.889,1.889,1.912,1.883,1.912
2023-02-05,1.919,1.917,1.929,1.839,1.859,1.899,1.889,1.889,1.939,1.859,1.899,1.889,1.899,1.899,1.899,1.829,1.879,1.939,1.889,1.889,1.909,1.969,1.917,1.929,1.898,1.917,1.912,1.929,1.917,1.917,1.917,1.907,1.929,1.889,1.929,1.919,1.899,1.907,1.909,1.929,1.899,1.949,1.839,1.899,1.917,1.899,1.907,1.909,1.917,1.889,1.919,1.907,1.889,1.919,1.849,1.899,1.899,1.939,1.924,1.899,1.899,1.917,1.899,1.899,1.917,1.839,1.909,1.899,1.899,1.917,1.917,1.907,1.899,1.899,1.859,1.907,1.868,1.917,1.959,1.859,1.899,1.899,1.907,1.899,1.879,1.945,1.899,1.917,1.839,1.889,1.889,1.919,1.917,1.909,1.889,1.873,1.899,1.899,1.989,1.889,1.899,1.899,1.859,1.907,1.899,2.03,1.839,1.905,1.899,1.899,1.889,1.899,1.899,1.917,1.869,1.889,1.839,1.907,1.917,1.905,1.899,1.912,1.879,1.879,1.899,1.899,1.819,1.897,1.899,1.919,1.917,1.909,1.899,1.899,1.839,1.917,1.907,1.897,1.853,1.879,1.899,1.912,1.907,1.899,1.839,1.899,1.859,1.859,1.889,1.918,1.879,1.917,1.889,1.919,1.917,1.859,1.899,1.979,1.899,1.889,1.899,1.907,1.899,1.917,1.881,1.879,1.899,1.922,1.899,1.909,1.899,1.917,1.889,1.917,1.889,1.889,1.889,1.912,1.883,1.912
2023-02-06,1.919,1.917,1.929,1.839,1.859,1.899,1.889,1.889,1.939,1.859,1.899,1.889,1.879,1.879,1.869,1.829,1.849,1.939,1.889,1.889,1.909,1.969,1.917,1.929,1.898,1.917,1.912,1.929,1.917,1.917,1.917,1.907,1.929,1.889,1.929,1.919,1.899,1.907,1.909,1.917,1.899,1.899,1.839,1.899,1.917,1.899,1.907,1.909,1.917,1.899,1.919,1.907,1.889,1.919,1.849,1.899,1.899,1.939,1.924,1.899,1.899,1.917,1.899,1.899,1.907,1.839,1.909,1.899,1.889,1.917,1.917,1.907,1.899,1.899,1.859,1.907,1.868,1.917,1.959,1.859,1.899,1.899,1.907,1.889,1.879,1.945,1.899,1.917,1.839,1.889,1.889,1.919,1.917,1.909,1.889,1.873,1.899,1.899,1.989,1.889,1.899,1.899,1.829,1.907,1.899,2.03,1.839,1.905,1.899,1.899,1.889,1.889,1.899,1.917,1.869,1.889,1.839,1.907,1.917,1.905,1.899,1.912,1.879,1.879,1.899,1.899,1.819,1.897,1.899,1.919,1.917,1.909,1.899,1.899,1.839,1.917,1.907,1.897,1.853,1.879,1.899,1.912,1.907,1.899,1.839,1.899,1.859,1.859,1.889,1.918,1.869,1.917,1.889,1.919,1.917,1.849,1.899,1.979,1.899,1.889,1.899,1.907,1.899,1.917,1.881,1.879,1.889,1.922,1.889,1.909,1.899,1.917,1.889,1.917,1.889,1.889,1.889,1.912,1.883,1.912
2023-02-07,1.919,1.917,1.909,1.839,1.849,1.889,1.889,1.889,1.939,1.849,1.899,1.889,1.879,1.879,1.869,1.829,1.849,1.939,1.889,1.889,1.909,1.969,1.917,1.929,1.898,1.917,1.912,1.929,1.917,1.917,1.917,1.907,1.929,1.889,1.929,1.919,1.899,1.907,1.898,1.917,1.899,1.899,1.819,1.917,1.917,1.899,1.907,1.909,1.917,1.899,1.919,1.907,1.889,1.919,1.839,1.899,1.899,1.939,1.919,1.899,1.899,1.917,1.899,1.899,1.907,1.819,1.929,1.899,1.889,1.917,1.917,1.907,1.899,1.879,1.859,1.917,1.868,1.917,1.959,1.859,1.879,1.899,1.907,1.889,1.879,1.945,1.899,1.917,1.819,1.889,1.889,1.919,1.917,1.909,1.889,1.873,1.899,1.899,1.989,1.889,1.879,1.899,1.829,1.907,1.889,2.03,1.829,1.905,1.879,1.899,1.889,1.889,1.879,1.917,1.869,1.889,1.819,1.907,1.917,1.905,1.889,1.912,1.839,1.879,1.899,1.899,1.819,1.907,1.899,1.919,1.917,1.909,1.899,1.899,1.819,1.917,1.907,1.897,1.853,1.869,1.889,1.917,1.907,1.899,1.819,1.899,1.879,1.849,1.889,1.918,1.869,1.917,1.889,1.919,1.917,1.849,1.899,1.979,1.899,1.889,1.899,1.907,1.879,1.917,1.881,1.879,1.889,1.912,1.889,1.899,1.919,1.917,1.889,1.917,1.889,1.889,1.889,1.902,1.883,1.902
2023-02-08,1.919,1.917,1.909,1.839,1.849,1.889,1.889,1.889,1.939,1.849,1.889,1.879,1.879,1.879,1.869,1.809,1.849,1.939,1.889,1.889,1.899,1.959,1.917,1.929,1.898,1.917,1.912,1.929,1.917,1.917,1.917,1.907,1.929,1.889,1.929,1.919,1.899,1.907,1.898,1.917,1.899,1.899,1.819,1.917,1.917,1.899,1.897,1.889,1.917,1.899,1.919,1.897,1.865,1.919,1.839,1.899,1.899,1.939,1.919,1.899,1.889,1.917,1.899,1.899,1.907,1.808,1.929,1.869,1.889,1.917,1.917,1.907,1.899,1.859,1.859,1.917,1.868,1.917,1.919,1.859,1.879,1.899,1.907,1.889,1.879,1.945,1.879,1.917,1.808,1.889,1.889,1.879,1.917,1.909,1.889,1.873,1.899,1.899,1.989,1.889,1.859,1.899,1.829,1.907,1.889,2.03,1.829,1.905,1.879,1.899,1.879,1.889,1.879,1.917,1.859,1.889,1.809,1.907,1.917,1.905,1.889,1.912,1.829,1.879,1.899,1.899,1.839,1.907,1.889,1.912,1.917,1.909,1.879,1.899,1.808,1.907,1.907,1.897,1.853,1.869,1.889,1.917,1.907,1.889,1.809,1.889,1.879,1.849,1.869,1.918,1.869,1.917,1.889,1.917,1.917,1.849,1.899,1.979,1.899,1.889,1.899,1.907,1.879,1.917,1.881,1.879,1.889,1.912,1.889,1.899,1.919,1.917,1.889,1.917,1.889,1.889,1.889,1.902,1.883,1.902
2023-02-09,1.899,1.917,1.909,1.839,1.849,1.889,1.889,1.889,1.939,1.849,1.889,1.879,1.879,1.879,1.869,1.809,1.849,1.939,1.889,1.849,1.899,1.959,1.907,1.929,1.898,1.917,1.912,1.929,1.917,1.917,1.917,1.907,1.929,1.889,1.929,1.919,1.899,1.907,1.898,1.917,1.899,1.899,1.819,1.917,1.917,1.899,1.897,1.889,1.917,1.889,1.909,1.897,1.865,1.919,1.839,1.899,1.899,1.899,1.919,1.899,1.889,1.917,1.899,1.899,1.907,1.808,1.929,1.869,1.889,1.917,1.917,1.907,1.899,1.859,1.859,1.907,1.868,1.917,1.919,1.859,1.879,1.899,1.907,1.879,1.879,1.945,1.879,1.917,1.808,1.879,1.889,1.859,1.907,1.909,1.889,1.873,1.899,1.899,1.989,1.889,1.859,1.899,1.829,1.907,1.879,2.03,1.819,1.905,1.879,1.899,1.879,1.889,1.879,1.917,1.859,1.889,1.809,1.907,1.917,1.905,1.889,1.912,1.829,1.879,1.899,1.899,1.839,1.897,1.889,1.899,1.917,1.909,1.879,1.899,1.808,1.907,1.897,1.897,1.853,1.869,1.889,1.917,1.907,1.889,1.809,1.889,1.879,1.849,1.869,1.911,1.869,1.917,1.889,1.917,1.917,1.849,1.899,1.979,1.899,1.889,1.899,1.904,1.879,1.917,1.881,1.879,1.889,1.919,1.889,1.899,1.909,1.917,1.889,1.917,1.889,1.889,1.889,1.909,1.898,1.909
2023-02-10,1.899,1.914,1.909,1.839,1.849,1.889,1.889,1.889,1.939,1.849,1.889,1.879,1.879,1.879,1.869,1.809,1.849,1.919,1.889,1.849,1.899,1.959,1.914,1.929,1.898,1.914,1.912,1.929,1.907,1.914,1.914,1.899,1.929,1.889,1.929,1.919,1.899,1.904,1.898,1.917,1.899,1.899,1.819,1.917,1.914,1.899,1.904,1.889,1.917,1.889,1.899,1.904,1.865,1.919,1.839,1.899,1.899,1.899,1.892,1.899,1.889,1.914,1.879,1.899,1.907,1.808,1.929,1.869,1.889,1.917,1.917,1.907,1.899,1.859,1.859,1.907,1.868,1.914,1.919,1.859,1.879,1.899,1.907,1.879,1.879,1.945,1.879,1.917,1.808,1.869,1.889,1.859,1.914,1.909,1.889,1.873,1.899,1.899,1.989,1.889,1.859,1.899,1.829,1.907,1.869,2.03,1.819,1.899,1.879,1.899,1.879,1.889,1.869,1.914,1.859,1.889,1.809,1.907,1.917,1.905,1.889,1.912,1.829,1.879,1.899,1.899,1.839,1.897,1.889,1.899,1.914,1.909,1.879,1.899,1.808,1.907,1.897,1.897,1.853,1.869,1.889,1.917,1.907,1.889,1.809,1.889,1.879,1.849,1.889,1.898,1.859,1.914,1.889,1.889,1.914,1.839,1.899,1.979,1.899,1.889,1.899,1.904,1.879,1.907,1.881,1.879,1.889,1.919,1.889,1.899,1.899,1.917,1.889,1.907,1.899,1.899,1.889,1.909,1.898,1.909
2023-02-11,1.899,1.914,1.909,1.839,1.839,1.879,1.889,1.889,1.939,1.849,1.889,1.879,1.879,1.879,1.869,1.809,1.849,1.939,1.889,1.869,1.899,1.959,1.914,1.929,1.898,1.914,1.912,1.924,1.907,1.914,1.914,1.899,1.924,1.889,1.929,1.914,1.899,1.904,1.898,1.917,1.899,1.899,1.819,1.917,1.914,1.899,1.904,1.889,1.937,1.889,1.899,1.904,1.865,1.919,1.839,1.899,1.899,1.899,1.892,1.899,1.889,1.914,1.879,1.899,1.907,1.818,1.929,1.869,1.889,1.917,1.917,1.907,1.879,1.839,1.859,1.907,1.868,1.914,1.919,1.859,1.879,1.899,1.904,1.839,1.879,1.945,1.879,1.914,1.818,1.869,1.889,1.859,1.914,1.909,1.889,1.873,1.899,1.879,1.989,1.889,1.869,1.899,1.829,1.904,1.869,2.03,1.809,1.899,1.879,1.899,1.879,1.889,1.869,1.914,1.849,1.889,1.809,1.907,1.917,1.902,1.889,1.909,1.819,1.879,1.889,1.899,1.839,1.897,1.889,1.899,1.914,1.909,1.879,1.899,1.808,1.914,1.897,1.897,1.853,1.869,1.889,1.914,1.904,1.889,1.809,1.889,1.879,1.849,1.889,1.898,1.859,1.914,1.889,1.889,1.914,1.839,1.899,1.979,1.899,1.889,1.899,1.904,1.879,1.914,1.881,1.879,1.889,1.919,1.889,1.899,1.899,1.917,1.889,1.907,1.899,1.899,1.889,1.909,1.898,1.909
2023-02-12,1.899,1.914,1.909,1.839,1.839,1.879,1.889,1.889,1.939,1.849,1.889,1.879,1.879,1.879,1.869,1.809,1.849,1.939,1.889,1.869,1.899,1.959,1.914,1.929,1.898,1.914,1.912,1.924,1.914,1.914,1.914,1.899,1.924,1.889,1.929,1.914,1.899,1.904,1.898,1.917,1.899,1.899,1.819,1.917,1.914,1.899,1.904,1.889,1.937,1.839,1.899,1.899,1.865,1.919,1.839,1.899,1.899,1.899,1.892,1.899,1.889,1.914,1.879,1.899,1.907,1.818,1.929,1.869,1.889,1.917,1.917,1.914,1.879,1.839,1.859,1.907,1.798,1.914,1.919,1.859,1.879,1.899,1.904,1.839,1.879,1.945,1.879,1.914,1.818,1.869,1.849,1.859,1.914,1.909,1.889,1.873,1.899,1.879,1.989,1.889,1.869,1.899,1.829,1.904,1.869,2.03,1.809,1.899,1.879,1.899,1.879,1.889,1.869,1.914,1.849,1.889,1.809,1.904,1.917,1.902,1.889,1.909,1.819,1.879,1.889,1.899,1.839,1.899,1.889,1.899,1.914,1.909,1.879,1.899,1.818,1.914,1.904,1.897,1.853,1.869,1.889,1.914,1.904,1.889,1.809,1.889,1.879,1.849,1.889,1.898,1.859,1.914,1.889,1.889,1.914,1.839,1.899,1.979,1.899,1.889,1.899,1.904,1.879,1.914,1.881,1.879,1.889,1.919,1.889,1.899,1.899,1.917,1.889,1.924,1.899,1.899,1.889,1.909,1.898,1.909
2023-02-13,1.899,1.914,1.909,1.839,1.839,1.879,1.889,1.889,1.939,1.849,1.889,1.879,1.869,1.879,1.869,1.809,1.839,1.939,1.889,1.869,1.899,1.959,1.914,1.929,1.898,1.914,1.912,1.924,1.914,1.914,1.914,1.899,1.924,1.889,1.929,1.914,1.899,1.904,1.898,1.899,1.869,1.899,1.799,1.897,1.914,1.899,1.904,1.889,1.937,1.839,1.899,1.899,1.865,1.919,1.839,1.899,1.899,1.899,1.892,1.899,1.889,1.914,1.879,1.899,1.907,1.818,1.929,1.869,1.869,1.914,1.917,1.914,1.879,1.839,1.859,1.907,1.858,1.914,1.919,1.859,1.879,1.899,1.904,1.839,1.879,1.945,1.879,1.914,1.818,1.869,1.849,1.859,1.914,1.909,1.889,1.873,1.899,1.879,1.989,1.889,1.869,1.899,1.819,1.904,1.869,2.03,1.809,1.899,1.879,1.899,1.879,1.889,1.869,1.914,1.849,1.889,1.809,1.904,1.917,1.902,1.889,1.909,1.819,1.879,1.889,1.899,1.839,1.899,1.889,1.899,1.914,1.909,1.879,1.899,1.818,1.914,1.904,1.897,1.853,1.869,1.889,1.914,1.904,1.889,1.809,1.889,1.879,1.849,1.889,1.898,1.849,1.914,1.889,1.889,1.914,1.839,1.899,1.979,1.899,1.889,1.899,1.904,1.879,1.914,1.881,1.879,1.889,1.919,1.889,1.899,1.899,1.917,1.889,1.924,1.899,1.899,1.889,1.909,1.898,1.909
2023-02-14,1.899,1.914,1.899,1.839,1.839,1.879,1.889,1.889,1.939,1.839,1.889,1.879,1.869,1.879,1.869,1.809,1.839,1.939,1.889,1.869,1.899,1.959,1.914,1.929,1.898,1.914,1.912,1.924,1.914,1.914,1.914,1.899,1.924,1.879,1.929,1.914,1.889,1.904,1.898,1.899,1.879,1.899,1.819,1.917,1.914,1.899,1.904,1.909,1.937,1.839,1.899,1.899,1.865,1.919,1.839,1.899,1.899,1.899,1.892,1.899,1.889,1.914,1.879,1.899,1.907,1.818,1.929,1.869,1.869,1.914,1.917,1.914,1.879,1.839,1.859,1.907,1.858,1.914,1.939,1.859,1.879,1.899,1.904,1.839,1.879,1.945,1.879,1.914,1.818,1.869,1.849,1.839,1.914,1.909,1.889,1.873,1.899,1.879,1.989,1.889,1.869,1.899,1.819,1.904,1.869,2.03,1.809,1.899,1.879,1.899,1.879,1.889,1.869,1.914,1.849,1.889,1.819,1.904,1.917,1.902,1.889,1.909,1.819,1.879,1.889,1.899,1.839,1.899,1.889,1.899,1.914,1.909,1.879,1.899,1.818,1.914,1.904,1.897,1.853,1.869,1.889,1.914,1.904,1.889,1.829,1.889,1.899,1.849,1.889,1.898,1.849,1.914,1.889,1.889,1.914,1.839,1.899,1.979,1.839,1.889,1.899,1.904,1.869,1.914,1.881,1.879,1.889,1.919,1.889,1.899,1.899,1.917,1.889,1.924,1.899,1.899,1.889,1.909,1.898,1.909
2023-02-15,1.899,1.914,1.899,1.839,1.839,1.879,1.889,1.889,1.939,1.849,1.889,1.879,1.869,1.879,1.869,1.809,1.859,1.939,1.879,1.869,1.909,1.959,1.914,1.929,1.898,1.914,1.912,1.924,1.914,1.924,1.914,1.914,1.924,1.879,1.929,1.929,1.889,1.914,1.898,1.919,1.879,1.899,1.829,1.917,1.914,1.899,1.904,1.909,1.937,1.839,1.899,1.899,1.865,1.919,1.839,1.899,1.899,1.899,1.892,1.899,1.889,1.924,1.879,1.899,1.907,1.818,1.929,1.869,1.869,1.924,1.917,1.914,1.879,1.839,1.859,1.914,1.858,1.914,1.939,1.859,1.879,1.899,1.904,1.839,1.879,1.945,1.839,1.914,1.818,1.869,1.849,1.839,1.914,1.909,1.889,1.873,1.899,1.869,1.989,1.889,1.869,1.899,1.829,1.904,1.869,2.03,1.809,1.899,1.889,1.899,1.879,1.899,1.869,1.914,1.849,1.889,1.819,1.904,1.917,1.902,1.889,1.909,1.819,1.879,1.889,1.899,1.839,1.899,1.879,1.919,1.924,1.879,1.879,1.899,1.818,1.914,1.904,1.897,1.853,1.869,1.889,1.914,1.914,1.889,1.829,1.889,1.899,1.849,1.889,1.898,1.849,1.914,1.889,1.889,1.914,1.839,1.899,1.979,1.839,1.889,1.899,1.904,1.869,1.914,1.881,1.879,1.889,1.929,1.889,1.899,1.899,1.917,1.889,1.924,1.899,1.899,1.879,1.919,1.898,1.919
2023-02-16,1.919,1.924,1.899,1.839,1.859,1.879,1.889,1.889,1.939,1.849,1.889,1.879,1.869,1.879,1.869,1.809,1.859,1.939,1.879,1.869,1.909,1.959,1.924,1.929,1.898,1.924,1.912,1.934,1.914,1.924,1.924,1.914,1.924,1.879,1.929,1.929,1.889,1.914,1.919,1.919,1.879,1.919,1.829,1.927,1.924,1.899,1.914,1.909,1.937,1.839,1.899,1.914,1.875,1.919,1.839,1.899,1.899,1.879,1.892,1.899,1.889,1.924,1.879,1.899,1.907,1.818,1.899,1.879,1.889,1.924,1.924,1.914,1.879,1.839,1.859,1.914,1.858,1.924,1.939,1.859,1.879,1.899,1.914,1.839,1.879,1.945,1.839,1.924,1.818,1.869,1.849,1.839,1.924,1.919,1.889,1.873,1.899,1.869,1.989,1.889,1.869,1.899,1.829,1.914,1.869,2.03,1.809,1.899,1.899,1.899,1.879,1.899,1.879,1.914,1.849,1.889,1.819,1.904,1.917,1.912,1.889,1.919,1.829,1.879,1.889,1.899,1.839,1.914,1.879,1.919,1.924,1.879,1.879,1.899,1.818,1.914,1.914,1.897,1.853,1.869,1.889,1.914,1.914,1.889,1.829,1.919,1.879,1.849,1.879,1.898,1.849,1.914,1.889,1.889,1.914,1.859,1.899,1.979,1.839,1.889,1.899,1.914,1.869,1.924,1.881,1.879,1.889,1.929,1.889,1.899,1.899,1.924,1.889,1.934,1.899,1.899,1.879,1.919,1.898,1.919
2023-02-17,1.919,1.924,1.899,1.839,1.859,1.869,1.879,1.879,1.939,1.859,1.889,1.879,1.869,1.879,1.869,1.829,1.869,1.939,1.879,1.869,1.919,1.959,1.924,1.929,1.898,1.924,1.912,1.934,1.924,1.924,1.924,1.914,1.924,1.879,1.929,1.929,1.889,1.914,1.919,1.919,1.879,1.919,1.829,1.927,1.924,1.899,1.914,1.909,1.937,1.839,1.899,1.914,1.875,1.919,1.839,1.899,1.899,1.879,1.924,1.899,1.889,1.924,1.899,1.899,1.907,1.818,1.899,1.879,1.889,1.924,1.924,1.924,1.879,1.849,1.859,1.914,1.858,1.924,1.939,1.859,1.899,1.899,1.914,1.839,1.879,1.945,1.839,1.924,1.818,1.869,1.849,1.849,1.924,1.919,1.889,1.873,1.899,1.869,1.989,1.879,1.869,1.899,1.829,1.914,1.869,2.03,1.819,1.899,1.899,1.899,1.879,1.899,1.879,1.924,1.849,1.889,1.819,1.904,1.917,1.912,1.889,1.919,1.829,1.879,1.889,1.899,1.849,1.914,1.879,1.919,1.924,1.879,1.879,1.899,1.818,1.942,1.914,1.897,1.853,1.869,1.889,1.914,1.914,1.889,1.819,1.919,1.879,1.849,1.879,1.898,1.849,1.914,1.889,1.919,1.924,1.859,1.899,1.979,1.849,1.889,1.899,1.914,1.869,1.924,1.881,1.899,1.889,1.929,1.889,1.899,1.899,1.924,1.889,1.934,1.899,1.899,1.879,1.919,1.898,1.919
2023-02-18,1.919,1.924,1.899,1.839,1.859,1.869,1.879,1.879,1.939,1.859,1.889,1.879,1.869,1.879,1.869,1.829,1.869,1.939,1.879,1.869,1.919,1.959,1.924,1.929,1.898,1.924,1.912,1.934,1.924,1.924,1.924,1.914,1.934,1.879,1.929,1.929,1.889,1.914,1.899,1.919,1.879,1.919,1.829,1.927,1.924,1.899,1.914,1.909,1.937,1.839,1.899,1.914,1.875,1.919,1.839,1.899,1.899,1.879,1.924,1.899,1.889,1.924,1.899,1.899,1.924,1.818,1.899,1.869,1.889,1.924,1.924,1.924,1.899,1.849,1.859,1.914,1.858,1.924,1.939,1.859,1.919,1.899,1.914,1.839,1.869,1.945,1.839,1.924,1.818,1.869,1.869,1.849,1.924,1.919,1.889,1.873,1.899,1.869,1.989,1.879,1.869,1.919,1.829,1.914,1.869,2.03,1.819,1.909,1.879,1.899,1.869,1.899,1.879,1.924,1.859,1.879,1.819,1.914,1.917,1.912,1.889,1.919,1.859,1.879,1.889,1.899,1.849,1.914,1.899,1.899,1.924,1.879,1.879,1.899,1.818,1.942,1.914,1.897,1.853,1.869,1.889,1.924,1.914,1.889,1.819,1.929,1.879,1.849,1.879,1.898,1.849,1.924,1.879,1.919,1.924,1.869,1.899,1.979,1.849,1.889,1.899,1.914,1.869,1.924,1.881,1.899,1.889,1.929,1.889,1.899,1.899,1.924,1.909,1.934,1.899,1.899,1.879,1.919,1.898,1.919
2023-02-19,1.919,1.924,1.899,1.839,1.859,1.869,1.879,1.879,1.939,1.859,1.889,1.879,1.869,1.869,1.869,1.829,1.869,1.939,1.879,1.869,1.919,1.959,1.924,1.929,1.898,1.924,1.912,1.934,1.924,1.924,1.924,1.914,1.934,1.879,1.929,1.929,1.889,1.914,1.899,1.919,1.879,1.919,1.829,1.927,1.924,1.899,1.914,1.909,1.937,1.839,1.899,1.914,1.875,1.919,1.839,1.899,1.899,1.879,1.924,1.899,1.889,1.924,1.899,1.899,1.924,1.818,1.899,1.869,1.889,1.924,1.924,1.924,1.899,1.849,1.859,1.914,1.838,1.924,1.939,1.859,1.919,1.899,1.914,1.839,1.859,1.945,1.839,1.924,1.818,1.869,1.869,1.849,1.924,1.919,1.889,1.873,1.899,1.869,1.989,1.879,1.869,1.919,1.829,1.914,1.869,2.03,1.819,1.909,1.879,1.899,1.869,1.899,1.879,1.924,1.859,1.879,1.819,1.914,1.917,1.912,1.889,1.919,1.859,1.879,1.889,1.899,1.849,1.914,1.899,1.899,1.924,1.879,1.879,1.899,1.818,1.942,1.914,1.897,1.853,1.869,1.889,1.924,1.914,1.889,1.819,1.929,1.879,1.849,1.879,1.898,1.849,1.924,1.879,1.919,1.924,1.869,1.899,1.979,1.849,1.889,1.899,1.914,1.869,1.924,1.881,1.899,1.889,1.929,1.889,1.919,1.899,1.924,1.909,1.934,1.899,1.899,1.879,1.919,1.898,1.919
2023-02-20,1.899,1.924,1.899,1.839,1.859,1.869,1.879,1.879,1.939,1.859,1.889,1.879,1.869,1.869,1.869,1.829,1.869,1.939,1.879,1.869,1.919,1.959,1.924,1.929,1.898,1.924,1.912,1.934,1.924,1.924,1.924,1.914,1.934,1.879,1.929,1.929,1.889,1.914,1.899,1.919,1.879,1.899,1.819,1.917,1.924,1.899,1.914,1.909,1.937,1.839,1.899,1.914,1.875,1.919,1.839,1.899,1.899,1.879,1.924,1.899,1.889,1.924,1.899,1.899,1.924,1.818,1.899,1.869,1.889,1.924,1.924,1.924,1.899,1.849,1.859,1.914,1.858,1.924,1.939,1.859,1.919,1.899,1.914,1.839,1.859,1.938,1.839,1.924,1.818,1.869,1.869,1.849,1.924,1.919,1.889,1.873,1.899,1.869,1.989,1.879,1.869,1.919,1.829,1.914,1.869,2.03,1.819,1.909,1.879,1.899,1.869,1.899,1.879,1.924,1.859,1.879,1.819,1.914,1.917,1.912,1.889,1.919,1.859,1.879,1.879,1.899,1.849,1.914,1.899,1.899,1.924,1.879,1.879,1.899,1.818,1.924,1.914,1.897,1.853,1.869,1.889,1.924,1.914,1.889,1.819,1.929,1.879,1.849,1.879,1.898,1.859,1.924,1.879,1.919,1.924,1.869,1.899,1.979,1.849,1.889,1.899,1.914,1.869,1.924,1.881,1.899,1.889,1.929,1.889,1.919,1.899,1.924,1.909,1.934,1.899,1.899,1.879,1.919,1.898,1.919
2023-02-21,1.899,1.924,1.899,1.829,1.869,1.869,1.859,1.859,1.939,1.869,1.889,1.879,1.869,1.869,1.869,1.829,1.869,1.939,1.879,1.869,1.919,1.959,1.924,1.929,1.898,1.924,1.912,1.934,1.924,1.924,1.924,1.914,1.934,1.879,1.929,1.919,1.889,1.914,1.899,1.919,1.879,1.899,1.819,1.917,1.924,1.899,1.914,1.909,1.937,1.839,1.899,1.914,1.875,1.919,1.829,1.899,1.899,1.879,1.924,1.899,1.889,1.924,1.899,1.899,1.924,1.818,1.899,1.869,1.889,1.924,1.924,1.924,1.899,1.849,1.859,1.914,1.858,1.924,1.939,1.859,1.919,1.899,1.914,1.839,1.859,1.938,1.839,1.924,1.818,1.869,1.869,1.849,1.924,1.919,1.889,1.873,1.899,1.869,1.989,1.859,1.859,1.919,1.829,1.914,1.869,2.03,1.819,1.909,1.849,1.899,1.869,1.879,1.869,1.924,1.859,1.879,1.819,1.914,1.924,1.912,1.889,1.919,1.859,1.879,1.879,1.899,1.849,1.914,1.899,1.899,1.924,1.879,1.869,1.889,1.818,1.924,1.914,1.888,1.853,1.869,1.889,1.924,1.914,1.889,1.819,1.929,1.879,1.849,1.879,1.898,1.859,1.924,1.879,1.919,1.924,1.869,1.899,1.979,1.849,1.889,1.899,1.914,1.859,1.924,1.881,1.899,1.889,1.929,1.889,1.919,1.899,1.924,1.909,1.924,1.899,1.899,1.879,1.919,1.898,1.919
2023-02-22,1.899,1.924,1.899,1.829,1.869,1.869,1.859,1.859,1.939,1.869,1.889,1.879,1.869,1.869,1.869,1.829,1.869,1.939,1.879,1.849,1.919,1.959,1.924,1.929,1.898,1.924,1.912,1.934,1.924,1.924,1.924,1.914,1.934,1.879,1.949,1.919,1.889,1.914,1.899,1.919,1.879,1.899,1.819,1.917,1.924,1.899,1.914,1.909,1.937,1.839,1.899,1.914,1.875,1.919,1.829,1.899,1.899,1.879,1.924,1.899,1.889,1.924,1.899,1.899,1.924,1.818,1.899,1.869,1.889,1.924,1.924,1.924,1.899,1.869,1.859,1.924,1.858,1.924,1.939,1.859,1.919,1.899,1.914,1.839,1.859,1.938,1.849,1.924,1.818,1.869,1.869,1.849,1.924,1.919,1.889,1.873,1.899,1.869,1.989,1.859,1.859,1.919,1.829,1.914,1.869,2.03,1.819,1.909,1.849,1.899,1.869,1.879,1.869,1.924,1.859,1.859,1.819,1.914,1.924,1.912,1.889,1.919,1.859,1.879,1.879,1.899,1.849,1.914,1.899,1.899,1.924,1.879,1.869,1.889,1.818,1.924,1.914,1.888,1.853,1.869,1.889,1.924,1.914,1.889,1.819,1.929,1.879,1.849,1.879,1.898,1.859,1.924,1.879,1.919,1.924,1.869,1.899,1.969,1.849,1.889,1.899,1.914,1.859,1.924,1.881,1.899,1.889,1.929,1.889,1.919,1.899,1.924,1.909,1.924,1.899,1.899,1.879,1.919,1.898,1.919
2023-02-23,1.899,1.924,1.899,1.829,1.869,1.869,1.859,1.859,1.939,1.869,1.889,1.879,1.869,1.869,1.869,1.829,1.869,1.939,1.879,1.849,1.919,1.959,1.924,1.929,1.898,1.924,1.912,1.934,1.924,1.924,1.924,1.914,1.934,1.879,1.949,1.919,1.879,1.914,1.899,1.919,1.879,1.899,1.819,1.924,1.924,1.899,1.914,1.909,1.937,1.839,1.899,1.914,1.858,1.919,1.829,1.899,1.899,1.899,1.924,1.899,1.889,1.924,1.899,1.899,1.924,1.818,1.899,1.869,1.889,1.924,1.924,1.924,1.899,1.869,1.859,1.924,1.858,1.924,1.939,1.859,1.919,1.899,1.914,1.839,1.859,1.938,1.869,1.924,1.818,1.869,1.869,1.849,1.924,1.919,1.889,1.873,1.899,1.869,1.989,1.859,1.859,1.919,1.829,1.914,1.869,2.03,1.819,1.909,1.849,1.899,1.869,1.879,1.869,1.924,1.859,1.859,1.819,1.914,1.924,1.912,1.889,1.919,1.859,1.879,1.879,1.899,1.849,1.914,1.899,1.899,1.924,1.879,1.869,1.889,1.818,1.924,1.914,1.888,1.853,1.869,1.889,1.924,1.914,1.889,1.819,1.929,1.879,1.849,1.869,1.898,1.859,1.924,1.859,1.919,1.924,1.869,1.899,1.969,1.849,1.889,1.899,1.914,1.859,1.924,1.881,1.899,1.889,1.929,1.889,1.919,1.899,1.924,1.909,1.924,1.899,1.899,1.879,1.919,1.898,1.919
2023-02-24,1.899,1.924,1.899,1.829,1.869,1.869,1.859,1.859,1.939,1.869,1.889,1.869,1.869,1.869,1.869,1.829,1.869,1.939,1.879,1.849,1.919,1.959,1.924,1.929,1.898,1.924,1.912,1.934,1.924,1.924,1.924,1.914,1.934,1.879,1.949,1.919,1.879,1.914,1.899,1.919,1.879,1.899,1.819,1.927,1.924,1.899,1.914,1.894,1.937,1.839,1.899,1.914,1.858,1.919,1.829,1.899,1.899,1.899,1.924,1.899,1.889,1.924,1.899,1.899,1.924,1.818,1.899,1.869,1.889,1.924,1.924,1.924,1.899,1.869,1.859,1.924,1.858,1.924,1.939,1.859,1.919,1.889,1.914,1.839,1.859,1.938,1.869,1.924,1.818,1.869,1.869,1.869,1.924,1.919,1.889,1.873,1.899,1.869,1.973,1.859,1.859,1.919,1.829,1.914,1.869,2.03,1.869,1.909,1.849,1.899,1.869,1.879,1.869,1.924,1.859,1.859,1.819,1.914,1.924,1.912,1.889,1.919,1.859,1.879,1.879,1.899,1.849,1.914,1.899,1.899,1.924,1.879,1.869,1.889,1.818,1.924,1.914,1.888,1.853,1.869,1.889,1.924,1.914,1.899,1.819,1.929,1.879,1.849,1.869,1.898,1.859,1.924,1.859,1.919,1.924,1.869,1.899,1.935,1.849,1.889,1.899,1.914,1.859,1.924,1.881,1.899,1.889,1.929,1.889,1.909,1.899,1.924,1.909,1.924,1.889,1.899,1.879,1.919,1.898,1.919
2023-02-25,1.899,1.924,1.899,1.829,1.869,1.869,1.859,1.859,1.939,1.869,1.889,1.869,1.869,1.869,1.869,1.829,1.869,1.939,1.879,1.849,1.919,1.959,1.924,1.929,1.908,1.924,1.912,1.934,1.924,1.924,1.924,1.914,1.934,1.879,1.949,1.919,1.879,1.914,1.899,1.919,1.879,1.899,1.819,1.927,1.924,1.899,1.914,1.894,1.937,1.839,1.899,1.914,1.858,1.919,1.829,1.899,1.899,1.899,1.924,1.889,1.889,1.924,1.899,1.899,1.924,1.818,1.899,1.869,1.889,1.924,1.924,1.924,1.899,1.869,1.859,1.924,1.858,1.924,1.939,1.859,1.919,1.889,1.914,1.839,1.859,1.938,1.869,1.924,1.818,1.869,1.869,1.869,1.924,1.919,1.889,1.873,1.899,1.869,1.973,1.859,1.859,1.919,1.829,1.914,1.869,2.03,1.819,1.909,1.849,1.899,1.869,1.879,1.869,1.924,1.859,1.859,1.819,1.914,1.924,1.912,1.889,1.919,1.859,1.879,1.879,1.899,1.849,1.914,1.899,1.899,1.924,1.879,1.869,1.889,1.818,1.924,1.914,1.888,1.853,1.869,1.889,1.924,1.914,1.899,1.819,1.929,1.879,1.849,1.879,1.898,1.859,1.924,1.859,1.919,1.924,1.869,1.899,1.935,1.849,1.889,1.899,1.914,1.859,1.924,1.881,1.879,1.889,1.929,1.889,1.909,1.899,1.924,1.929,1.924,1.889,1.899,1.879,1.919,1.898,1.919
2023-02-26,1.899,1.924,1.899,1.829,1.869,1.869,1.859,1.859,1.939,1.869,1.889,1.869,1.869,1.869,1.869,1.829,1.869,1.939,1.879,1.849,1.919,1.959,1.924,1.929,1.908,1.924,1.912,1.934,1.924,1.924,1.924,1.914,1.934,1.879,1.949,1.919,1.879,1.914,1.899,1.919,1.879,1.899,1.819,1.927,1.924,1.899,1.914,1.894,1.937,1.839,1.899,1.914,1.858,1.919,1.829,1.899,1.899,1.899,1.919,1.889,1.889,1.924,1.899,1.899,1.924,1.818,1.899,1.869,1.889,1.924,1.924,1.924,1.899,1.869,1.859,1.924,1.818,1.924,1.939,1.859,1.919,1.889,1.914,1.839,1.859,1.938,1.869,1.924,1.818,1.869,1.849,1.869,1.924,1.919,1.889,1.873,1.899,1.869,1.973,1.859,1.859,1.919,1.829,1.914,1.869,2.03,1.819,1.909,1.849,1.899,1.869,1.879,1.869,1.924,1.859,1.859,1.819,1.914,1.924,1.912,1.889,1.919,1.859,1.879,1.879,1.899,1.849,1.914,1.899,1.899,1.924,1.879,1.869,1.889,1.818,1.924,1.914,1.888,1.853,1.869,1.889,1.924,1.914,1.899,1.819,1.929,1.879,1.849,1.879,1.898,1.859,1.924,1.859,1.919,1.924,1.869,1.899,1.935,1.849,1.889,1.899,1.914,1.859,1.924,1.881,1.879,1.889,1.929,1.889,1.909,1.899,1.924,1.929,1.924,1.889,1.899,1.879,1.919,1.898,1.919
2023-02-27,1.899,1.924,1.899,1.829,1.869,1.869,1.859,1.859,1.939,1.869,1.889,1.869,1.859,1.849,1.859,1.829,1.869,1.939,1.879,1.849,1.919,1.959,1.924,1.929,1.908,1.924,1.912,1.934,1.924,1.924,1.924,1.914,1.934,1.879,1.949,1.919,1.869,1.914,1.899,1.919,1.869,1.899,1.819,1.927,1.924,1.899,1.914,1.894,1.937,1.839,1.899,1.914,1.858,1.919,1.829,1.899,1.899,1.899,1.919,1.889,1.889,1.924,1.899,1.899,1.924,1.818,1.899,1.869,1.879,1.924,1.924,1.924,1.899,1.869,1.859,1.924,1.828,1.924,1.939,1.859,1.919,1.889,1.914,1.839,1.859,1.938,1.869,1.924,1.818,1.869,1.849,1.869,1.924,1.919,1.869,1.873,1.899,1.869,1.973,1.859,1.859,1.919,1.829,1.914,1.869,2.03,1.819,1.909,1.849,1.899,1.869,1.879,1.869,1.924,1.859,1.859,1.819,1.914,1.924,1.912,1.889,1.919,1.859,1.879,1.879,1.899,1.849,1.914,1.899,1.899,1.924,1.879,1.869,1.889,1.818,1.924,1.914,1.888,1.853,1.869,1.889,1.924,1.914,1.899,1.819,1.929,1.879,1.849,1.879,1.898,1.859,1.924,1.859,1.919,1.924,1.869,1.899,1.935,1.849,1.889,1.899,1.914,1.859,1.924,1.881,1.879,1.879,1.929,1.889,1.909,1.899,1.924,1.929,1.924,1.889,1.899,1.879,1.919,1.898,1.919
2023-02-28,1.899,1.924,1.899,1.829,1.869,1.869,1.859,1.859,1.939,1.869,1.889,1.869,1.859,1.849,1.859,1.829,1.869,1.939,1.879,1.849,1.919,1.959,1.924,1.929,1.908,1.924,1.912,1.934,1.924,1.924,1.924,1.914,1.934,1.879,1.949,1.919,1.869,1.914,1.889,1.919,1.869,1.899,1.819,1.927,1.924,1.899,1.914,1.894,1.937,1.839,1.899,1.914,1.858,1.919,1.829,1.899,1.899,1.899,1.919,1.889,1.889,1.924,1.899,1.899,1.924,1.818,1.899,1.859,1.879,1.924,1.924,1.924,1.899,1.869,1.859,1.924,1.828,1.924,1.939,1.859,1.919,1.889,1.914,1.839,1.859,1.938,1.869,1.924,1.818,1.869,1.849,1.869,1.924,1.919,1.869,1.873,1.899,1.869,1.973,1.859,1.859,1.899,1.829,1.914,1.869,2.03,1.819,1.909,1.849,1.899,1.849,1.879,1.869,1.924,1.859,1.859,1.819,1.914,1.924,1.912,1.889,1.919,1.859,1.869,1.879,1.899,1.849,1.914,1.899,1.899,1.924,1.879,1.869,1.889,1.818,1.924,1.914,1.888,1.853,1.859,1.879,1.924,1.914,1.899,1.819,1.929,1.879,1.849,1.879,1.898,1.859,1.924,1.859,1.919,1.924,1.869,1.899,1.935,1.849,1.889,1.899,1.914,1.859,1.924,1.881,1.879,1.879,1.929,1.889,1.909,1.899,1.924,1.929,1.924,1.899,1.899,1.879,1.919,1.898,1.919
2023-03-01,1.898,1.924,1.899,1.829,1.869,1.869,1.849,1.849,1.939,1.869,1.889,1.869,1.859,1.849,1.859,1.829,1.869,1.939,1.879,1.849,1.919,1.959,1.924,1.929,1.908,1.924,1.912,1.934,1.924,1.924,1.924,1.914,1.934,1.879,1.949,1.919,1.869,1.914,1.889,1.919,1.869,1.899,1.819,1.927,1.924,1.899,1.914,1.894,1.937,1.839,1.899,1.914,1.858,1.919,1.829,1.899,1.899,1.899,1.919,1.889,1.889,1.924,1.899,1.899,1.924,1.818,1.899,1.859,1.879,1.924,1.924,1.924,1.899,1.869,1.859,1.924,1.828,1.924,1.939,1.859,1.919,1.889,1.914,1.839,1.859,1.938,1.869,1.924,1.818,1.869,1.849,1.869,1.924,1.919,1.869,1.873,1.899,1.869,1.973,1.849,1.859,1.899,1.829,1.914,1.869,2.03,1.819,1.909,1.849,1.899,1.849,1.879,1.869,1.924,1.859,1.859,1.819,1.914,1.924,1.912,1.889,1.919,1.859,1.869,1.879,1.899,1.849,1.914,1.899,1.898,1.924,1.879,1.869,1.889,1.818,1.924,1.914,1.888,1.853,1.859,1.879,1.924,1.914,1.899,1.819,1.929,1.879,1.849,1.879,1.897,1.859,1.924,1.859,1.919,1.924,1.869,1.899,1.935,1.849,1.889,1.879,1.914,1.859,1.924,1.881,1.879,1.879,1.929,1.889,1.909,1.899,1.924,1.929,1.924,1.899,1.899,1.879,1.919,1.898,1.919
2023-03-02,1.898,1.924,1.899,1.829,1.869,1.869,1.849,1.849,1.939,1.869,1.889,1.869,1.859,1.849,1.859,1.829,1.869,1.939,1.879,1.849,1.919,1.959,1.924,1.929,1.908,1.924,1.912,1.939,1.924,1.924,1.924,1.914,1.934,1.879,1.949,1.919,1.869,1.914,1.889,1.919,1.869,1.899,1.819,1.927,1.924,1.899,1.914,1.889,1.937,1.839,1.899,1.914,1.856,1.919,1.829,1.899,1.899,1.899,1.919,1.889,1.889,1.924,1.899,1.899,1.924,1.818,1.899,1.859,1.879,1.924,1.924,1.924,1.899,1.869,1.859,1.924,1.828,1.924,1.939,1.859,1.919,1.889,1.914,1.839,1.859,1.938,1.869,1.924,1.818,1.869,1.849,1.869,1.924,1.919,1.869,1.873,1.899,1.869,1.973,1.849,1.859,1.899,1.829,1.914,1.869,2.03,1.819,1.909,1.849,1.899,1.849,1.879,1.869,1.924,1.859,1.849,1.819,1.914,1.924,1.912,1.889,1.919,1.859,1.869,1.879,1.899,1.849,1.914,1.899,1.898,1.924,1.879,1.869,1.889,1.818,1.924,1.914,1.888,1.853,1.859,1.879,1.924,1.914,1.899,1.819,1.929,1.879,1.849,1.879,1.897,1.859,1.924,1.859,1.919,1.924,1.869,1.919,1.929,1.859,1.889,1.879,1.914,1.859,1.924,1.881,1.899,1.879,1.909,1.889,1.909,1.899,1.924,1.929,1.924,1.899,1.899,1.879,1.899,1.898,1.899
2023-03-03,1.898,1.924,1.899,1.829,1.869,1.869,1.849,1.849,1.899,1.869,1.889,1.869,1.859,1.849,1.859,1.829,1.869,1.939,1.879,1.849,1.919,1.959,1.924,1.929,1.908,1.924,1.912,1.939,1.924,1.924,1.924,1.914,1.939,1.879,1.949,1.919,1.869,1.914,1.889,1.919,1.869,1.899,1.819,1.927,1.924,1.899,1.914,1.912,1.937,1.839,1.899,1.914,1.856,1.919,1.839,1.899,1.899,1.899,1.919,1.889,1.889,1.924,1.899,1.899,1.929,1.818,1.899,1.859,1.879,1.924,1.924,1.924,1.899,1.869,1.859,1.924,1.848,1.924,1.939,1.859,1.919,1.889,1.914,1.839,1.859,1.938,1.869,1.924,1.818,1.869,1.849,1.869,1.924,1.919,1.869,1.873,1.899,1.869,1.973,1.849,1.859,1.899,1.829,1.914,1.869,2.03,1.819,1.909,1.849,1.899,1.849,1.879,1.869,1.924,1.859,1.849,1.819,1.914,1.924,1.912,1.889,1.919,1.859,1.869,1.879,1.899,1.849,1.914,1.899,1.897,1.924,1.879,1.869,1.889,1.818,1.924,1.914,1.888,1.853,1.859,1.879,1.924,1.914,1.899,1.819,1.929,1.879,1.849,1.879,1.896,1.859,1.924,1.859,1.919,1.924,1.869,1.919,1.929,1.859,1.889,1.879,1.914,1.859,1.924,1.881,1.899,1.879,1.909,1.889,1.909,1.899,1.924,1.929,1.924,1.899,1.899,1.879,1.899,1.898,1.899
2023-03-04,1.897,1.924,1.899,1.829,1.869,1.879,1.849,1.849,1.899,1.869,1.889,1.869,1.859,1.849,1.859,1.829,1.869,1.939,1.879,1.849,1.919,1.959,1.924,1.929,1.908,1.924,1.912,1.939,1.924,1.924,1.924,1.914,1.939,1.879,1.949,1.919,1.869,1.914,1.889,1.919,1.869,1.919,1.819,1.927,1.924,1.899,1.914,1.912,1.937,1.839,1.899,1.914,1.856,1.919,1.849,1.899,1.899,1.899,1.919,1.889,1.889,1.924,1.899,1.899,1.929,1.818,1.899,1.859,1.879,1.924,1.924,1.924,1.889,1.869,1.859,1.924,1.848,1.924,1.939,1.859,1.919,1.889,1.914,1.839,1.859,1.938,1.869,1.924,1.818,1.869,1.849,1.869,1.924,1.919,1.869,1.873,1.899,1.869,1.959,1.849,1.859,1.899,1.829,1.914,1.869,2.03,1.819,1.909,1.849,1.899,1.849,1.879,1.869,1.924,1.859,1.849,1.819,1.914,1.924,1.912,1.889,1.919,1.859,1.869,1.879,1.899,1.849,1.914,1.899,1.897,1.924,1.879,1.869,1.889,1.818,1.924,1.914,1.888,1.853,1.859,1.879,1.924,1.914,1.899,1.819,1.929,1.879,1.849,1.879,1.896,1.859,1.924,1.859,1.919,1.924,1.869,1.919,1.929,1.859,1.889,1.879,1.914,1.859,1.924,1.881,1.899,1.879,1.909,1.889,1.909,1.899,1.924,1.929,1.924,1.899,1.899,1.879,1.899,1.898,1.899
2023-03-05,1.897,1.924,1.899,1.829,1.869,1.879,1.849,1.849,1.899,1.869,1.889,1.869,1.859,1.849,1.859,1.829,1.869,1.939,1.879,1.849,1.919,1.959,1.924,1.929,1.908,1.924,1.912,1.939,1.924,1.924,1.924,1.914,1.939,1.879,1.949,1.919,1.869,1.914,1.889,1.919,1.869,1.919,1.819,1.927,1.924,1.899,1.914,1.912,1.937,1.839,1.899,1.914,1.856,1.919,1.849,1.899,1.899,1.899,1.919,1.889,1.889,1.924,1.899,1.899,1.929,1.818,1.899,1.859,1.879,1.924,1.924,1.924,1.889,1.869,1.859,1.924,1.848,1.924,1.939,1.859,1.919,1.889,1.914,1.839,1.859,1.938,1.869,1.924,1.818,1.869,1.849,1.869,1.924,1.919,1.869,1.873,1.899,1.869,1.959,1.849,1.859,1.899,1.829,1.914,1.869,2.03,1.819,1.909,1.849,1.899,1.849,1.879,1.869,1.924,1.859,1.849,1.819,1.914,1.924,1.912,1.889,1.919,1.859,1.869,1.879,1.899,1.849,1.914,1.899,1.897,1.924,1.879,1.869,1.889,1.818,1.924,1.914,1.888,1.853,1.859,1.879,1.924,1.914,1.899,1.819,1.929,1.879,1.849,1.879,1.896,1.859,1.924,1.859,1.919,1.924,1.869,1.919,1.929,1.859,1.889,1.879,1.914,1.859,1.924,1.881,1.899,1.879,1.909,1.879,1.909,1.899,1.924,1.929,1.924,1.899,1.899,1.879,1.899,1.898,1.899
2023-03-06,1.897,1.924,1.899,1.829,1.869,1.879,1.849,1.849,1.899,1.869,1.889,1.869,1.859,1.849,1.859,1.829,1.869,1.939,1.879,1.849,1.919,1.959,1.924,1.929,1.908,1.924,1.912,1.939,1.924,1.924,1.924,1.914,1.939,1.879,1.949,1.919,1.869,1.914,1.889,1.919,1.869,1.919,1.819,1.919,1.924,1.899,1.914,1.912,1.937,1.839,1.899,1.914,1.856,1.919,1.849,1.899,1.899,1.899,1.919,1.889,1.889,1.924,1.899,1.899,1.929,1.818,1.899,1.859,1.879,1.924,1.924,1.924,1.889,1.869,1.859,1.924,1.868,1.924,1.939,1.859,1.919,1.889,1.914,1.839,1.859,1.938,1.869,1.924,1.818,1.869,1.849,1.869,1.924,1.919,1.889,1.873,1.899,1.869,1.959,1.849,1.859,1.899,1.829,1.914,1.869,2.03,1.819,1.909,1.849,1.899,1.849,1.879,1.869,1.924,1.859,1.849,1.819,1.914,1.924,1.912,1.889,1.919,1.859,1.869,1.879,1.899,1.849,1.914,1.899,1.897,1.924,1.879,1.869,1.889,1.818,1.924,1.914,1.888,1.853,1.859,1.879,1.924,1.914,1.899,1.819,1.929,1.879,1.849,1.879,1.896,1.859,1.924,1.859,1.919,1.924,1.869,1.919,1.929,1.859,1.889,1.879,1.914,1.859,1.924,1.881,1.899,1.879,1.909,1.879,1.909,1.899,1.924,1.929,1.924,1.899,1.899,1.879,1.899,1.898,1.899
2023-03-07,1.897,1.924,1.899,1.829,1.869,1.879,1.849,1.849,1.899,1.879,1.889,1.869,1.859,1.849,1.859,1.829,1.869,1.939,1.879,1.849,1.919,1.959,1.924,1.929,1.908,1.924,1.912,1.939,1.924,1.924,1.924,1.914,1.939,1.879,1.949,1.919,1.869,1.914,1.899,1.929,1.869,1.919,1.828,1.924,1.924,1.899,1.914,1.912,1.937,1.839,1.909,1.914,1.856,1.919,1.859,1.899,1.919,1.899,1.919,1.889,1.889,1.924,1.899,1.899,1.929,1.828,1.899,1.859,1.879,1.924,1.924,1.924,1.889,1.869,1.859,1.924,1.868,1.924,1.939,1.859,1.919,1.899,1.914,1.839,1.859,1.938,1.869,1.924,1.828,1.879,1.859,1.869,1.924,1.919,1.889,1.873,1.899,1.869,1.959,1.849,1.869,1.899,1.839,1.914,1.879,2.03,1.819,1.909,1.869,1.899,1.849,1.879,1.869,1.924,1.859,1.849,1.819,1.914,1.924,1.912,1.889,1.919,1.859,1.869,1.879,1.899,1.849,1.914,1.899,1.897,1.924,1.879,1.869,1.889,1.828,1.924,1.914,1.888,1.853,1.859,1.879,1.924,1.914,1.899,1.819,1.929,1.879,1.849,1.879,1.896,1.859,1.924,1.869,1.919,1.924,1.869,1.929,1.929,1.859,1.889,1.879,1.914,1.859,1.924,1.881,1.919,1.879,1.909,1.879,1.909,1.909,1.924,1.929,1.924,1.869,1.869,1.879,1.899,1.898,1.899
2023-03-08,1.897,1.924,1.899,1.829,1.869,1.879,1.849,1.849,1.899,1.899,1.889,1.879,1.859,1.859,1.859,1.839,1.869,1.939,1.879,1.879,1.919,1.979,1.924,1.929,1.908,1.924,1.912,1.939,1.924,1.924,1.924,1.914,1.939,1.879,1.969,1.919,1.889,1.914,1.919,1.929,1.869,1.919,1.828,1.924,1.924,1.899,1.914,1.912,1.937,1.839,1.919,1.914,1.856,1.919,1.879,1.919,1.939,1.899,1.919,1.889,1.889,1.924,1.899,1.899,1.929,1.848,1.899,1.869,1.879,1.924,1.924,1.924,1.889,1.869,1.859,1.924,1.868,1.924,1.949,1.859,1.919,1.899,1.914,1.839,1.859,1.938,1.869,1.924,1.848,1.889,1.859,1.869,1.924,1.929,1.889,1.873,1.919,1.869,1.959,1.849,1.889,1.899,1.839,1.914,1.889,2.03,1.819,1.909,1.889,1.899,1.849,1.879,1.869,1.924,1.859,1.849,1.819,1.914,1.924,1.912,1.889,1.919,1.859,1.869,1.889,1.899,1.849,1.914,1.899,1.896,1.924,1.879,1.869,1.889,1.848,1.924,1.914,1.888,1.853,1.859,1.879,1.924,1.914,1.899,1.819,1.929,1.889,1.839,1.879,1.896,1.859,1.924,1.869,1.919,1.924,1.869,1.929,1.929,1.899,1.889,1.879,1.914,1.859,1.924,1.881,1.939,1.879,1.909,1.879,1.909,1.919,1.924,1.929,1.924,1.879,1.869,1.879,1.899,1.898,1.899
2023-03-09,1.896,1.924,1.899,1.829,1.869,1.879,1.849,1.849,1.899,1.879,1.889,1.879,1.869,1.869,1.869,1.849,1.869,1.939,1.879,1.879,1.919,1.979,1.924,1.929,1.908,1.924,1.912,1.939,1.924,1.924,1.924,1.914,1.939,1.889,1.969,1.919,1.889,1.914,1.919,1.929,1.869,1.919,1.828,1.924,1.924,1.899,1.914,1.912,1.937,1.839,1.919,1.914,1.876,1.919,1.879,1.919,1.939,1.899,1.919,1.889,1.889,1.924,1.899,1.899,1.929,1.848,1.899,1.879,1.879,1.924,1.924,1.924,1.889,1.889,1.859,1.924,1.868,1.924,1.949,1.859,1.919,1.899,1.914,1.839,1.859,1.938,1.869,1.924,1.848,1.889,1.859,1.869,1.924,1.929,1.889,1.873,1.919,1.869,1.959,1.849,1.889,1.899,1.849,1.914,1.889,2.03,1.819,1.909,1.889,1.899,1.849,1.889,1.879,1.924,1.869,1.849,1.829,1.914,1.924,1.912,1.909,1.919,1.899,1.869,1.889,1.899,1.849,1.914,1.899,1.896,1.924,1.879,1.869,1.889,1.848,1.924,1.914,1.888,1.853,1.859,1.879,1.924,1.914,1.899,1.839,1.929,1.869,1.839,1.889,1.895,1.859,1.924,1.889,1.919,1.924,1.869,1.949,1.929,1.899,1.889,1.879,1.914,1.889,1.924,1.881,1.939,1.879,1.909,1.879,1.909,1.919,1.924,1.929,1.924,1.879,1.879,1.889,1.899,1.898,1.899
2023-03-10,1.896,1.924,1.899,1.829,1.869,1.879,1.849,1.849,1.899,1.879,1.899,1.889,1.869,1.869,1.869,1.849,1.869,1.939,1.879,1.879,1.895,1.979,1.924,1.929,1.908,1.924,1.912,1.939,1.924,1.924,1.924,1.914,1.939,1.889,1.969,1.919,1.889,1.914,1.919,1.929,1.869,1.919,1.828,1.924,1.924,1.899,1.914,1.912,1.937,1.839,1.919,1.914,1.876,1.919,1.879,1.919,1.939,1.899,1.919,1.889,1.889,1.924,1.899,1.899,1.929,1.848,1.899,1.889,1.879,1.924,1.924,1.924,1.889,1.889,1.859,1.924,1.868,1.924,1.949,1.859,1.919,1.899,1.914,1.839,1.859,1.938,1.869,1.924,1.848,1.889,1.879,1.869,1.924,1.929,1.889,1.873,1.919,1.869,1.959,1.849,1.889,1.899,1.849,1.914,1.889,2.03,1.819,1.909,1.889,1.899,1.849,1.889,1.879,1.924,1.869,1.849,1.829,1.914,1.924,1.912,1.909,1.919,1.899,1.869,1.889,1.899,1.849,1.914,1.899,1.896,1.924,1.879,1.869,1.889,1.848,1.924,1.914,1.888,1.853,1.869,1.879,1.924,1.914,1.899,1.839,1.929,1.869,1.839,1.889,1.895,1.869,1.924,1.889,1.919,1.924,1.869,1.949,1.929,1.899,1.889,1.879,1.914,1.889,1.924,1.881,1.939,1.879,1.909,1.879,1.909,1.919,1.924,1.929,1.924,1.879,1.879,1.889,1.899,1.898,1.899
2023-03-11,1.899,1.924,1.899,1.829,1.869,1.879,1.849,1.849,1.899,1.869,1.899,1.889,1.869,1.869,1.869,1.849,1.869,1.939,1.879,1.879,1.895,1.969,1.924,1.929,1.908,1.924,1.912,1.939,1.924,1.924,1.924,1.914,1.939,1.889,1.969,1.929,1.889,1.914,1.919,1.929,1.899,1.919,1.849,1.924,1.924,1.899,1.914,1.912,1.937,1.849,1.918,1.914,1.876,1.919,1.879,1.919,1.939,1.899,1.919,1.889,1.889,1.924,1.899,1.899,1.929,1.839,1.899,1.889,1.879,1.924,1.924,1.924,1.889,1.889,1.859,1.924,1.868,1.924,1.949,1.859,1.919,1.899,1.914,1.839,1.859,1.938,1.869,1.924,1.839,1.888,1.879,1.889,1.924,1.929,1.889,1.873,1.899,1.869,1.959,1.849,1.888,1.899,1.849,1.914,1.888,2.03,1.829,1.909,1.869,1.899,1.869,1.889,1.879,1.924,1.869,1.849,1.829,1.914,1.924,1.912,1.909,1.919,1.899,1.869,1.889,1.899,1.849,1.914,1.899,1.897,1.924,1.879,1.869,1.889,1.839,1.924,1.914,1.888,1.853,1.869,1.879,1.924,1.914,1.899,1.839,1.929,1.869,1.839,1.889,1.898,1.869,1.924,1.889,1.899,1.924,1.869,1.949,1.929,1.869,1.889,1.879,1.914,1.889,1.924,1.881,1.919,1.879,1.909,1.879,1.909,1.918,1.924,1.929,1.924,1.879,1.879,1.889,1.899,1.898,1.899
2023-03-12,1.897,1.924,1.899,1.829,1.869,1.879,1.849,1.849,1.899,1.869,1.899,1.889,1.869,1.869,1.869,1.849,1.869,1.939,1.879,1.879,1.895,1.969,1.924,1.929,1.908,1.924,1.912,1.949,1.924,1.924,1.924,1.914,1.939,1.889,1.969,1.929,1.889,1.914,1.919,1.929,1.899,1.919,1.849,1.924,1.924,1.899,1.914,1.912,1.937,1.849,1.918,1.914,1.876,1.919,1.879,1.919,1.939,1.899,1.919,1.889,1.899,1.924,1.899,1.899,1.929,1.839,1.899,1.889,1.879,1.924,1.924,1.924,1.889,1.889,1.859,1.924,1.858,1.924,1.949,1.859,1.919,1.899,1.914,1.849,1.859,1.938,1.869,1.924,1.839,1.888,1.879,1.889,1.924,1.929,1.889,1.873,1.899,1.869,1.959,1.849,1.888,1.899,1.849,1.914,1.888,2.03,1.829,1.909,1.869,1.899,1.869,1.889,1.879,1.924,1.869,1.849,1.829,1.914,1.924,1.912,1.909,1.919,1.869,1.869,1.889,1.899,1.849,1.914,1.899,1.897,1.924,1.879,1.869,1.889,1.839,1.924,1.914,1.888,1.853,1.869,1.879,1.924,1.914,1.899,1.839,1.929,1.869,1.839,1.889,1.896,1.869,1.924,1.889,1.899,1.924,1.869,1.949,1.925,1.869,1.889,1.879,1.914,1.889,1.924,1.881,1.919,1.879,1.909,1.879,1.909,1.918,1.924,1.929,1.924,1.879,1.879,1.889,1.899,1.898,1.899
2023-03-13,1.897,1.924,1.899,1.829,1.869,1.879,1.849,1.849,1.899,1.869,1.899,1.889,1.869,1.869,1.869,1.849,1.869,1.939,1.879,1.879,1.895,1.969,1.924,1.929,1.908,1.924,1.912,1.949,1.924,1.924,1.924,1.914,1.939,1.889,1.969,1.929,1.889,1.914,1.919,1.919,1.899,1.899,1.839,1.917,1.924,1.899,1.914,1.912,1.937,1.849,1.918,1.914,1.876,1.919,1.879,1.919,1.939,1.899,1.919,1.889,1.899,1.924,1.899,1.899,1.929,1.839,1.899,1.889,1.879,1.924,1.924,1.924,1.889,1.889,1.859,1.924,1.858,1.924,1.949,1.859,1.919,1.899,1.914,1.849,1.859,1.938,1.869,1.924,1.839,1.888,1.879,1.889,1.924,1.929,1.889,1.873,1.899,1.869,1.959,1.849,1.888,1.899,1.849,1.914,1.888,2.03,1.829,1.909,1.869,1.899,1.869,1.889,1.879,1.924,1.869,1.849,1.829,1.914,1.924,1.912,1.909,1.919,1.869,1.869,1.889,1.899,1.869,1.914,1.899,1.897,1.924,1.879,1.869,1.889,1.839,1.924,1.914,1.888,1.853,1.869,1.879,1.924,1.914,1.899,1.839,1.929,1.869,1.839,1.889,1.896,1.869,1.924,1.889,1.899,1.924,1.869,1.949,1.925,1.869,1.889,1.879,1.914,1.889,1.924,1.881,1.919,1.879,1.909,1.879,1.909,1.918,1.924,1.929,1.924,1.879,1.879,1.889,1.899,1.898,1.899
2023-03-14,1.897,1.924,1.899,1.829,1.869,1.879,1.849,1.849,1.899,1.869,1.899,1.889,1.869,1.869,1.869,1.849,1.869,1.939,1.879,1.879,1.895,1.969,1.924,1.929,1.908,1.924,1.912,1.949,1.924,1.924,1.924,1.914,1.939,1.889,1.969,1.929,1.889,1.914,1.899,1.919,1.899,1.899,1.839,1.924,1.924,1.899,1.914,1.912,1.937,1.849,1.918,1.914,1.876,1.919,1.879,1.919,1.939,1.899,1.919,1.889,1.899,1.924,1.899,1.899,1.919,1.839,1.899,1.889,1.879,1.924,1.924,1.924,1.889,1.889,1.859,1.924,1.898,1.924,1.899,1.859,1.919,1.899,1.914,1.849,1.859,1.938,1.869,1.924,1.839,1.888,1.879,1.889,1.924,1.929,1.889,1.873,1.899,1.869,1.959,1.849,1.888,1.899,1.849,1.914,1.888,2.03,1.839,1.909,1.869,1.899,1.869,1.889,1.879,1.924,1.869,1.849,1.829,1.914,1.924,1.912,1.909,1.919,1.869,1.869,1.889,1.899,1.869,1.914,1.899,1.897,1.924,1.879,1.869,1.889,1.839,1.924,1.914,1.888,1.853,1.869,1.879,1.924,1.914,1.899,1.839,1.929,1.869,1.839,1.889,1.896,1.869,1.924,1.889,1.899,1.924,1.869,1.949,1.925,1.869,1.889,1.899,1.914,1.889,1.924,1.881,1.919,1.879,1.909,1.879,1.909,1.918,1.924,1.929,1.924,1.879,1.879,1.889,1.899,1.898,1.899
2023-03-15,1.897,1.924,1.899,1.829,1.869,1.879,1.849,1.849,1.899,1.869,1.899,1.889,1.869,1.869,1.869,1.849,1.869,1.939,1.899,1.879,1.895,1.969,1.924,1.929,1.908,1.924,1.912,1.949,1.924,1.924,1.924,1.914,1.949,1.889,1.959,1.929,1.889,1.914,1.889,1.919,1.899,1.899,1.839,1.924,1.924,1.899,1.914,1.912,1.937,1.849,1.918,1.914,1.876,1.919,1.879,1.899,1.939,1.899,1.919,1.889,1.899,1.924,1.899,1.899,1.919,1.839,1.899,1.889,1.879,1.924,1.924,1.924,1.889,1.889,1.859,1.924,1.898,1.924,1.899,1.859,1.929,1.899,1.914,1.849,1.859,1.938,1.869,1.924,1.839,1.888,1.879,1.889,1.924,1.919,1.889,1.873,1.899,1.869,1.959,1.849,1.888,1.899,1.849,1.914,1.888,2.03,1.839,1.909,1.869,1.899,1.869,1.889,1.879,1.924,1.869,1.849,1.829,1.914,1.924,1.912,1.909,1.919,1.869,1.869,1.899,1.899,1.869,1.914,1.899,1.897,1.924,1.879,1.869,1.889,1.839,1.924,1.914,1.888,1.853,1.869,1.879,1.924,1.914,1.899,1.839,1.929,1.869,1.839,1.889,1.896,1.869,1.924,1.889,1.889,1.924,1.869,1.949,1.925,1.849,1.889,1.899,1.914,1.889,1.924,1.881,1.919,1.879,1.909,1.879,1.909,1.918,1.924,1.929,1.924,1.879,1.879,1.889,1.899,1.898,1.899
2023-03-16,1.897,1.924,1.899,1.829,1.869,1.879,1.849,1.849,1.899,1.869,1.899,1.889,1.869,1.869,1.869,1.849,1.869,1.939,1.899,1.879,1.895,1.969,1.924,1.929,1.908,1.924,1.912,1.949,1.924,1.924,1.924,1.914,1.949,1.889,1.959,1.929,1.889,1.914,1.889,1.919,1.899,1.899,1.839,1.924,1.924,1.899,1.914,1.912,1.937,1.849,1.918,1.914,1.866,1.919,1.859,1.899,1.919,1.899,1.919,1.889,1.899,1.924,1.899,1.899,1.919,1.839,1.899,1.889,1.879,1.924,1.924,1.924,1.889,1.889,1.859,1.924,1.868,1.924,1.899,1.859,1.929,1.899,1.914,1.849,1.859,1.938,1.869,1.924,1.839,1.888,1.879,1.889,1.924,1.919,1.889,1.873,1.899,1.869,1.959,1.849,1.888,1.899,1.849,1.914,1.888,2.03,1.839,1.909,1.869,1.899,1.869,1.889,1.879,1.924,1.869,1.849,1.829,1.914,1.924,1.912,1.909,1.919,1.869,1.869,1.899,1.899,1.869,1.914,1.899,1.897,1.924,1.879,1.869,1.889,1.839,1.924,1.914,1.888,1.853,1.869,1.879,1.924,1.914,1.899,1.839,1.929,1.869,1.839,1.889,1.896,1.869,1.924,1.889,1.879,1.924,1.869,1.919,1.925,1.849,1.889,1.899,1.914,1.889,1.924,1.881,1.899,1.879,1.909,1.879,1.909,1.918,1.924,1.939,1.924,1.879,1.879,1.889,1.899,1.898,1.899
2023-03-17,1.897,1.924,1.899,1.829,1.869,1.869,1.839,1.839,1.899,1.869,1.899,1.889,1.869,1.869,1.869,1.849,1.869,1.939,1.899,1.879,1.895,1.969,1.924,1.929,1.908,1.924,1.912,1.949,1.924,1.924,1.924,1.894,1.949,1.889,1.959,1.929,1.899,1.894,1.889,1.919,1.899,1.899,1.839,1.924,1.924,1.899,1.894,1.912,1.937,1.849,1.909,1.894,1.866,1.919,1.859,1.899,1.919,1.899,1.919,1.889,1.899,1.924,1.899,1.899,1.919,1.829,1.899,1.889,1.879,1.924,1.924,1.924,1.889,1.889,1.859,1.924,1.868,1.924,1.899,1.859,1.929,1.899,1.914,1.849,1.859,1.938,1.869,1.924,1.829,1.879,1.879,1.889,1.924,1.919,1.889,1.873,1.899,1.869,1.959,1.839,1.869,1.899,1.849,1.894,1.879,2.03,1.839,1.909,1.869,1.899,1.869,1.889,1.879,1.924,1.869,1.849,1.829,1.914,1.924,1.912,1.909,1.919,1.869,1.869,1.899,1.899,1.869,1.894,1.879,1.897,1.924,1.879,1.859,1.879,1.829,1.924,1.914,1.888,1.853,1.869,1.879,1.924,1.894,1.899,1.839,1.919,1.869,1.839,1.889,1.896,1.869,1.924,1.889,1.879,1.924,1.869,1.899,1.919,1.849,1.889,1.899,1.894,1.889,1.924,1.881,1.899,1.879,1.909,1.879,1.909,1.909,1.924,1.939,1.924,1.879,1.879,1.889,1.899,1.898,1.899
2023-03-18,1.897,1.924,1.899,1.829,1.869,1.869,1.839,1.839,1.899,1.869,1.899,1.879,1.869,1.869,1.869,1.829,1.869,1.939,1.899,1.879,1.895,1.949,1.924,1.929,1.908,1.924,1.912,1.949,1.924,1.924,1.919,1.894,1.949,1.879,1.959,1.929,1.899,1.894,1.889,1.919,1.899,1.899,1.839,1.924,1.924,1.899,1.894,1.912,1.937,1.849,1.909,1.894,1.866,1.919,1.829,1.899,1.919,1.899,1.919,1.879,1.899,1.924,1.899,1.899,1.919,1.829,1.899,1.889,1.879,1.924,1.924,1.924,1.889,1.889,1.859,1.924,1.868,1.924,1.899,1.859,1.929,1.899,1.894,1.849,1.859,1.938,1.869,1.924,1.829,1.879,1.879,1.889,1.924,1.919,1.889,1.873,1.899,1.869,1.959,1.839,1.859,1.899,1.849,1.894,1.879,2.03,1.839,1.899,1.869,1.899,1.869,1.889,1.879,1.924,1.869,1.839,1.829,1.894,1.924,1.892,1.899,1.919,1.829,1.859,1.899,1.899,1.869,1.894,1.879,1.897,1.924,1.879,1.859,1.879,1.829,1.924,1.894,1.888,1.853,1.869,1.879,1.924,1.894,1.899,1.839,1.919,1.859,1.839,1.889,1.896,1.869,1.924,1.889,1.879,1.924,1.869,1.899,1.919,1.849,1.889,1.899,1.894,1.869,1.924,1.881,1.899,1.879,1.909,1.879,1.899,1.909,1.924,1.929,1.924,1.879,1.879,1.879,1.899,1.898,1.899
2023-03-19,1.897,1.924,1.899,1.829,1.869,1.869,1.839,1.839,1.899,1.869,1.899,1.879,1.869,1.869,1.869,1.829,1.869,1.939,1.899,1.879,1.895,1.949,1.924,1.929,1.908,1.924,1.912,1.949,1.924,1.924,1.919,1.894,1.949,1.879,1.959,1.929,1.899,1.894,1.889,1.919,1.899,1.899,1.839,1.924,1.924,1.899,1.894,1.894,1.937,1.849,1.909,1.894,1.866,1.919,1.829,1.899,1.919,1.899,1.919,1.879,1.899,1.924,1.899,1.899,1.909,1.829,1.899,1.889,1.879,1.924,1.924,1.924,1.889,1.889,1.859,1.924,1.828,1.924,1.899,1.859,1.929,1.899,1.894,1.849,1.859,1.938,1.869,1.924,1.829,1.879,1.879,1.889,1.924,1.919,1.889,1.873,1.899,1.869,1.959,1.839,1.859,1.899,1.849,1.894,1.879,2.03,1.839,1.899,1.869,1.899,1.869,1.889,1.879,1.924,1.869,1.839,1.829,1.894,1.924,1.892,1.899,1.919,1.829,1.859,1.899,1.899,1.869,1.894,1.879,1.897,1.924,1.879,1.859,1.879,1.829,1.924,1.894,1.888,1.853,1.869,1.879,1.924,1.894,1.899,1.839,1.919,1.859,1.829,1.889,1.896,1.869,1.924,1.889,1.879,1.924,1.859,1.899,1.919,1.849,1.889,1.899,1.894,1.869,1.924,1.881,1.899,1.879,1.909,1.879,1.899,1.909,1.924,1.929,1.924,1.879,1.879,1.879,1.899,1.898,1.899
2023-03-20,1.897,1.924,1.899,1.829,1.869,1.869,1.839,1.839,1.899,1.869,1.899,1.879,1.859,1.859,1.849,1.829,1.859,1.939,1.899,1.879,1.895,1.949,1.924,1.929,1.908,1.924,1.912,1.949,1.924,1.924,1.919,1.894,1.949,1.879,1.959,1.929,1.879,1.894,1.889,1.919,1.879,1.899,1.829,1.924,1.924,1.899,1.894,1.894,1.937,1.849,1.909,1.894,1.866,1.919,1.829,1.899,1.919,1.899,1.919,1.879,1.899,1.924,1.899,1.899,1.909,1.829,1.899,1.889,1.869,1.924,1.924,1.924,1.889,1.889,1.859,1.924,1.828,1.924,1.899,1.859,1.929,1.899,1.894,1.849,1.859,1.938,1.869,1.924,1.829,1.879,1.879,1.889,1.924,1.919,1.889,1.873,1.899,1.869,1.959,1.839,1.859,1.899,1.829,1.894,1.879,2.03,1.839,1.899,1.869,1.899,1.869,1.889,1.879,1.924,1.869,1.839,1.829,1.894,1.924,1.892,1.899,1.919,1.829,1.859,1.899,1.899,1.869,1.894,1.879,1.897,1.924,1.879,1.859,1.879,1.829,1.924,1.894,1.888,1.853,1.869,1.879,1.924,1.894,1.899,1.839,1.919,1.859,1.829,1.889,1.896,1.869,1.924,1.889,1.879,1.924,1.859,1.899,1.919,1.849,1.889,1.899,1.894,1.869,1.924,1.881,1.899,1.859,1.909,1.869,1.899,1.909,1.924,1.929,1.924,1.879,1.879,1.879,1.899,1.898,1.899
2023-03-21,1.897,1.924,1.899,1.809,1.859,1.869,1.839,1.839,1.899,1.869,1.899,1.879,1.859,1.859,1.849,1.829,1.859,1.939,1.899,1.879,1.895,1.949,1.924,1.929,1.908,1.909,1.912,1.949,1.909,1.909,1.919,1.904,1.949,1.879,1.959,1.929,1.879,1.904,1.889,1.919,1.869,1.899,1.829,1.924,1.924,1.899,1.894,1.894,1.937,1.849,1.909,1.894,1.866,1.919,1.829,1.899,1.919,1.899,1.919,1.879,1.899,1.909,1.899,1.899,1.909,1.829,1.899,1.899,1.869,1.909,1.924,1.924,1.889,1.889,1.859,1.924,1.828,1.924,1.899,1.859,1.929,1.899,1.904,1.849,1.859,1.938,1.869,1.909,1.829,1.879,1.879,1.889,1.924,1.919,1.889,1.873,1.899,1.869,1.959,1.839,1.859,1.899,1.829,1.894,1.879,2.03,1.839,1.899,1.869,1.899,1.869,1.879,1.869,1.924,1.869,1.839,1.829,1.894,1.924,1.892,1.899,1.919,1.829,1.859,1.899,1.899,1.859,1.894,1.889,1.897,1.924,1.879,1.859,1.879,1.829,1.924,1.904,1.849,1.853,1.849,1.859,1.924,1.904,1.899,1.839,1.919,1.859,1.829,1.879,1.896,1.869,1.924,1.869,1.879,1.924,1.859,1.899,1.919,1.849,1.889,1.899,1.904,1.869,1.924,1.881,1.899,1.859,1.909,1.869,1.899,1.909,1.909,1.929,1.909,1.879,1.879,1.879,1.899,1.898,1.899
2023-03-22,1.897,1.909,1.899,1.809,1.859,1.869,1.839,1.839,1.899,1.859,1.899,1.879,1.859,1.859,1.849,1.829,1.859,1.939,1.899,1.879,1.895,1.949,1.909,1.929,1.908,1.909,1.912,1.949,1.909,1.909,1.919,1.904,1.949,1.879,1.939,1.929,1.879,1.904,1.889,1.919,1.869,1.899,1.829,1.924,1.909,1.899,1.904,1.894,1.937,1.849,1.909,1.899,1.866,1.919,1.829,1.899,1.919,1.899,1.919,1.879,1.899,1.909,1.899,1.899,1.909,1.829,1.899,1.889,1.869,1.909,1.909,1.909,1.889,1.889,1.859,1.924,1.828,1.909,1.899,1.859,1.929,1.899,1.904,1.849,1.859,1.938,1.869,1.909,1.829,1.879,1.879,1.889,1.909,1.919,1.889,1.873,1.899,1.869,1.959,1.839,1.849,1.899,1.829,1.904,1.879,2.03,1.829,1.899,1.869,1.899,1.869,1.879,1.869,1.909,1.869,1.839,1.829,1.894,1.909,1.892,1.899,1.904,1.829,1.859,1.899,1.899,1.859,1.899,1.889,1.897,1.924,1.879,1.859,1.879,1.829,1.909,1.904,1.849,1.853,1.849,1.859,1.924,1.904,1.899,1.839,1.919,1.859,1.829,1.879,1.896,1.869,1.909,1.869,1.879,1.909,1.859,1.899,1.919,1.849,1.889,1.899,1.904,1.869,1.909,1.881,1.899,1.859,1.909,1.869,1.899,1.909,1.909,1.929,1.909,1.879,1.879,1.879,1.899,1.898,1.899
2023-03-23,1.897,1.909,1.899,1.809,1.859,1.869,1.839,1.839,1.899,1.859,1.899,1.879,1.859,1.859,1.849,1.829,1.859,1.939,1.899,1.879,1.895,1.949,1.909,1.929,1.908,1.909,1.912,1.949,1.909,1.909,1.919,1.904,1.949,1.879,1.939,1.929,1.879,1.904,1.889,1.919,1.869,1.899,1.829,1.924,1.909,1.899,1.904,1.894,1.937,1.849,1.909,1.899,1.858,1.919,1.829,1.899,1.919,1.899,1.919,1.879,1.899,1.909,1.899,1.899,1.909,1.829,1.899,1.879,1.869,1.909,1.909,1.909,1.889,1.879,1.859,1.924,1.828,1.909,1.899,1.859,1.919,1.899,1.904,1.849,1.859,1.955,1.869,1.909,1.829,1.879,1.879,1.889,1.909,1.919,1.889,1.873,1.899,1.869,1.959,1.839,1.849,1.889,1.829,1.904,1.879,2.03,1.829,1.899,1.869,1.899,1.869,1.879,1.869,1.909,1.859,1.839,1.829,1.904,1.909,1.902,1.899,1.904,1.829,1.859,1.889,1.899,1.859,1.899,1.889,1.897,1.909,1.879,1.859,1.879,1.829,1.909,1.904,1.849,1.853,1.849,1.859,1.924,1.904,1.869,1.839,1.919,1.859,1.829,1.879,1.896,1.869,1.909,1.869,1.879,1.909,1.859,1.899,1.919,1.849,1.889,1.899,1.904,1.849,1.909,1.881,1.899,1.859,1.909,1.869,1.899,1.909,1.909,1.929,1.909,1.879,1.879,1.879,1.899,1.898,1.899
2023-03-24,1.897,1.909,1.899,1.829,1.859,1.869,1.839,1.839,1.899,1.859,1.879,1.879,1.859,1.859,1.849,1.839,1.859,1.899,1.899,1.879,1.895,1.949,1.909,1.929,1.908,1.909,1.912,1.949,1.889,1.889,1.889,1.889,1.949,1.879,1.939,1.929,1.879,1.889,1.889,1.919,1.869,1.899,1.829,1.924,1.909,1.899,1.889,1.894,1.937,1.859,1.909,1.889,1.858,1.919,1.829,1.899,1.919,1.899,1.919,1.879,1.899,1.909,1.899,1.899,1.899,1.829,1.899,1.879,1.869,1.889,1.909,1.909,1.889,1.879,1.859,1.924,1.828,1.909,1.899,1.859,1.919,1.899,1.889,1.859,1.859,1.955,1.869,1.909,1.829,1.879,1.879,1.889,1.909,1.909,1.889,1.873,1.899,1.869,1.959,1.839,1.849,1.889,1.839,1.899,1.879,2.03,1.829,1.899,1.869,1.899,1.859,1.879,1.869,1.909,1.859,1.839,1.829,1.904,1.909,1.887,1.899,1.904,1.829,1.859,1.889,1.899,1.859,1.889,1.899,1.897,1.909,1.879,1.859,1.879,1.829,1.909,1.889,1.849,1.853,1.849,1.859,1.909,1.889,1.869,1.839,1.919,1.859,1.829,1.879,1.896,1.859,1.909,1.869,1.879,1.889,1.859,1.899,1.919,1.849,1.889,1.899,1.889,1.849,1.909,1.881,1.898,1.849,1.909,1.869,1.899,1.909,1.909,1.929,1.909,1.879,1.879,1.879,1.884,1.898,1.884
2023-03-25,1.897,1.889,1.899,1.829,1.859,1.879,1.839,1.839,1.899,1.859,1.879,1.879,1.859,1.859,1.849,1.839,1.859,1.899,1.899,1.879,1.895,1.949,1.889,1.909,1.908,1.889,1.912,1.909,1.899,1.889,1.899,1.899,1.899,1.879,1.939,1.929,1.879,1.899,1.889,1.919,1.869,1.899,1.829,1.924,1.889,1.899,1.899,1.894,1.937,1.859,1.909,1.899,1.858,1.919,1.829,1.899,1.919,1.899,1.919,1.879,1.899,1.889,1.899,1.899,1.899,1.829,1.899,1.879,1.869,1.889,1.889,1.909,1.889,1.889,1.859,1.924,1.828,1.889,1.899,1.859,1.919,1.899,1.889,1.859,1.859,1.955,1.879,1.889,1.829,1.879,1.879,1.889,1.889,1.909,1.889,1.873,1.899,1.859,1.959,1.839,1.829,1.889,1.839,1.899,1.879,2.03,1.829,1.899,1.869,1.899,1.859,1.879,1.869,1.889,1.859,1.839,1.829,1.894,1.889,1.897,1.899,1.884,1.829,1.859,1.889,1.899,1.859,1.899,1.899,1.899,1.899,1.879,1.859,1.869,1.829,1.889,1.889,1.849,1.853,1.849,1.849,1.889,1.899,1.869,1.839,1.899,1.859,1.829,1.879,1.898,1.859,1.889,1.869,1.879,1.899,1.859,1.899,1.919,1.849,1.889,1.899,1.899,1.849,1.909,1.881,1.898,1.849,1.909,1.869,1.899,1.909,1.889,1.929,1.889,1.879,1.879,1.879,1.894,1.898,1.894
2023-03-26,1.899,1.899,1.899,1.829,1.859,1.879,1.839,1.839,1.899,1.859,1.879,1.879,1.859,1.859,1.849,1.839,1.859,1.899,1.899,1.879,1.885,1.949,1.889,1.909,1.908,1.899,1.912,1.909,1.899,1.899,1.899,1.899,1.899,1.879,1.939,1.929,1.879,1.899,1.889,1.919,1.869,1.899,1.829,1.924,1.899,1.899,1.899,1.894,1.937,1.859,1.909,1.899,1.858,1.919,1.829,1.899,1.919,1.899,1.919,1.879,1.899,1.899,1.899,1.899,1.899,1.829,1.899,1.879,1.869,1.889,1.889,1.899,1.889,1.889,1.859,1.924,1.798,1.899,1.899,1.859,1.919,1.899,1.899,1.869,1.859,1.955,1.879,1.899,1.829,1.879,1.879,1.889,1.899,1.909,1.889,1.873,1.899,1.859,1.959,1.839,1.829,1.889,1.839,1.899,1.879,2.03,1.829,1.899,1.869,1.899,1.859,1.879,1.869,1.889,1.859,1.839,1.829,1.899,1.899,1.897,1.899,1.884,1.829,1.859,1.889,1.899,1.859,1.899,1.899,1.899,1.899,1.879,1.859,1.869,1.829,1.899,1.899,1.849,1.853,1.849,1.849,1.889,1.899,1.869,1.839,1.899,1.859,1.829,1.879,1.898,1.859,1.889,1.869,1.859,1.899,1.859,1.899,1.919,1.849,1.889,1.899,1.899,1.849,1.909,1.881,1.898,1.849,1.919,1.869,1.899,1.909,1.899,1.929,1.899,1.879,1.879,1.879,1.894,1.898,1.894
2023-03-27,1.899,1.899,1.899,1.829,1.859,1.879,1.839,1.839,1.899,1.859,1.879,1.879,1.849,1.859,1.849,1.839,1.859,1.899,1.899,1.879,1.885,1.949,1.889,1.909,1.908,1.899,1.912,1.909,1.899,1.899,1.899,1.899,1.899,1.879,1.939,1.929,1.879,1.899,1.889,1.899,1.859,1.899,1.829,1.889,1.899,1.899,1.899,1.894,1.937,1.859,1.909,1.899,1.858,1.919,1.829,1.899,1.919,1.899,1.919,1.879,1.899,1.899,1.899,1.899,1.899,1.829,1.899,1.879,1.869,1.889,1.889,1.899,1.889,1.889,1.859,1.924,1.798,1.899,1.899,1.859,1.919,1.899,1.899,1.869,1.859,1.955,1.879,1.899,1.829,1.879,1.879,1.889,1.899,1.909,1.889,1.873,1.899,1.859,1.959,1.839,1.829,1.889,1.839,1.899,1.879,2.03,1.829,1.899,1.869,1.899,1.859,1.879,1.869,1.889,1.859,1.839,1.829,1.899,1.899,1.897,1.899,1.884,1.829,1.859,1.889,1.899,1.859,1.899,1.899,1.899,1.899,1.879,1.859,1.869,1.829,1.899,1.899,1.849,1.853,1.849,1.849,1.889,1.899,1.869,1.839,1.899,1.859,1.829,1.879,1.898,1.859,1.889,1.869,1.859,1.899,1.859,1.899,1.919,1.849,1.889,1.899,1.899,1.849,1.909,1.881,1.898,1.849,1.919,1.869,1.899,1.909,1.899,1.929,1.899,1.879,1.879,1.879,1.894,1.898,1.894
2023-03-28,1.899,1.899,1.899,1.829,1.859,1.879,1.839,1.839,1.899,1.859,1.879,1.879,1.849,1.859,1.849,1.839,1.859,1.899,1.899,1.879,1.885,1.949,1.899,1.909,1.908,1.899,1.912,1.909,1.899,1.899,1.899,1.899,1.899,1.879,1.939,1.929,1.879,1.899,1.889,1.899,1.859,1.899,1.829,1.899,1.899,1.899,1.899,1.899,1.937,1.869,1.909,1.899,1.858,1.899,1.829,1.899,1.919,1.899,1.919,1.879,1.889,1.899,1.899,1.899,1.897,1.829,1.899,1.879,1.869,1.889,1.889,1.899,1.879,1.879,1.859,1.924,1.838,1.899,1.899,1.859,1.919,1.899,1.899,1.869,1.859,1.955,1.869,1.899,1.829,1.879,1.879,1.889,1.899,1.899,1.889,1.873,1.879,1.859,1.959,1.839,1.829,1.889,1.839,1.899,1.879,2.03,1.829,1.899,1.869,1.899,1.859,1.879,1.869,1.899,1.859,1.839,1.829,1.899,1.899,1.897,1.899,1.884,1.829,1.859,1.889,1.899,1.859,1.899,1.899,1.899,1.899,1.879,1.859,1.869,1.829,1.899,1.899,1.899,1.853,1.849,1.849,1.889,1.899,1.869,1.839,1.899,1.859,1.829,1.879,1.898,1.859,1.889,1.869,1.859,1.899,1.859,1.899,1.919,1.849,1.889,1.899,1.899,1.849,1.899,1.881,1.898,1.849,1.919,1.869,1.899,1.909,1.899,1.929,1.899,1.869,1.869,1.879,1.894,1.898,1.894
2023-03-29,1.899,1.899,1.899,1.829,1.859,1.879,1.839,1.839,1.899,1.859,1.879,1.879,1.849,1.859,1.849,1.839,1.859,1.899,1.899,1.879,1.885,1.949,1.899,1.909,1.908,1.899,1.912,1.909,1.899,1.899,1.899,1.899,1.899,1.879,1.939,1.929,1.879,1.899,1.889,1.899,1.859,1.919,1.849,1.919,1.899,1.899,1.899,1.899,1.937,1.869,1.919,1.899,1.858,1.899,1.829,1.899,1.919,1.899,1.919,1.879,1.889,1.899,1.899,1.899,1.897,1.839,1.899,1.879,1.869,1.899,1.899,1.899,1.879,1.879,1.859,1.924,1.838,1.899,1.899,1.859,1.919,1.899,1.899,1.869,1.859,1.955,1.869,1.899,1.839,1.889,1.879,1.889,1.899,1.899,1.889,1.873,1.889,1.859,1.959,1.839,1.849,1.889,1.839,1.899,1.889,2.03,1.829,1.899,1.869,1.899,1.859,1.879,1.869,1.899,1.859,1.839,1.829,1.899,1.899,1.897,1.899,1.884,1.829,1.859,1.889,1.899,1.879,1.899,1.899,1.918,1.899,1.879,1.859,1.869,1.839,1.899,1.899,1.899,1.853,1.849,1.849,1.889,1.899,1.869,1.839,1.899,1.859,1.829,1.879,1.898,1.859,1.889,1.869,1.859,1.899,1.859,1.899,1.919,1.849,1.889,1.899,1.899,1.849,1.899,1.881,1.898,1.849,1.919,1.869,1.899,1.919,1.899,1.929,1.899,1.869,1.869,1.879,1.894,1.898,1.894
2023-03-30,1.918,1.899,1.899,1.829,1.859,1.879,1.859,1.859,1.899,1.859,1.879,1.879,1.849,1.859,1.849,1.839,1.859,1.899,1.899,1.879,1.885,1.949,1.899,1.909,1.908,1.899,1.912,1.909,1.899,1.899,1.899,1.899,1.909,1.879,1.939,1.929,1.879,1.899,1.859,1.899,1.859,1.919,1.849,1.919,1.899,1.899,1.899,1.899,1.937,1.869,1.919,1.899,1.888,1.899,1.849,1.899,1.919,1.899,1.919,1.879,1.889,1.899,1.899,1.899,1.897,1.849,1.899,1.879,1.869,1.899,1.899,1.899,1.879,1.879,1.859,1.924,1.838,1.899,1.909,1.859,1.919,1.899,1.899,1.869,1.859,1.955,1.869,1.899,1.849,1.889,1.879,1.889,1.899,1.899,1.889,1.873,1.899,1.859,1.959,1.859,1.849,1.919,1.839,1.899,1.889,2.03,1.829,1.899,1.869,1.909,1.859,1.879,1.869,1.899,1.859,1.859,1.829,1.899,1.899,1.897,1.909,1.894,1.829,1.859,1.889,1.899,1.879,1.899,1.899,1.918,1.899,1.879,1.859,1.869,1.849,1.899,1.899,1.899,1.853,1.849,1.849,1.899,1.899,1.869,1.839,1.899,1.869,1.829,1.879,1.898,1.859,1.889,1.869,1.859,1.899,1.859,1.899,1.919,1.849,1.889,1.899,1.899,1.849,1.899,1.881,1.898,1.849,1.919,1.869,1.899,1.919,1.899,1.929,1.899,1.879,1.879,1.879,1.894,1.898,1.894
2023-03-31,1.918,1.899,1.899,1.829,1.859,1.879,1.859,1.859,1.899,1.859,1.879,1.889,1.849,1.859,1.849,1.839,1.859,1.899,1.899,1.879,1.885,1.949,1.899,1.909,1.908,1.899,1.912,1.909,1.899,1.899,1.899,1.899,1.909,1.879,1.939,1.929,1.879,1.899,1.859,1.899,1.859,1.919,1.849,1.919,1.899,1.899,1.899,1.899,1.937,1.869,1.919,1.899,1.888,1.899,1.849,1.899,1.919,1.899,1.932,1.879,1.889,1.899,1.899,1.899,1.897,1.849,1.899,1.879,1.869,1.899,1.899,1.899,1.879,1.879,1.859,1.924,1.838,1.899,1.909,1.859,1.919,1.899,1.899,1.869,1.859,1.955,1.869,1.899,1.849,1.889,1.879,1.889,1.899,1.899,1.889,1.873,1.899,1.859,1.959,1.859,1.849,1.919,1.839,1.899,1.889,2.03,1.829,1.899,1.879,1.899,1.859,1.879,1.869,1.899,1.859,1.859,1.829,1.899,1.899,1.897,1.909,1.894,1.849,1.859,1.889,1.899,1.879,1.899,1.899,1.918,1.899,1.879,1.859,1.869,1.849,1.899,1.899,1.899,1.853,1.849,1.849,1.899,1.899,1.869,1.839,1.899,1.869,1.829,1.879,1.898,1.859,1.889,1.869,1.859,1.899,1.859,1.899,1.909,1.849,1.889,1.899,1.899,1.849,1.899,1.881,1.898,1.849,1.919,1.869,1.899,1.919,1.899,1.929,1.899,1.879,1.879,1.879,1.894,1.898,1.894
